client_id,email,date,event,event_id
C0000371,CLIENTE371_0@EXEMPLO.COM,2026-08-26,delivered,m910
C0000241,cliente241_0@exemplo.com,2026-09-14,delivered,m577
C0000337,cliente337_0@exemplo.com,2026-08-03,bounce_hard,m807
C0000289,cliente289_0@exemplo.com,2026-09-02,bounce_hard,m688
C0000264,cliente264_0@exemplo.com,2026-09-15,bounce_hard,m628
C0000436,cliente436_0@exemplo.com,2026-08-16,bounce_hard,m1054
C0000339,CLIENTE339_0@EXEMPLO.COM,2026-09-02,click,m812
C0000086,cliente86_0@exemplo.com,2026-08-12,bounce_hard,m207
C0000423,cliente423_0@exemplo.com,2026-09-22,delivered,m1017
C0000337,cliente337_0@exemplo.com,2026-09-23,bounce_hard,m806
C0000121,cliente121_1@exemplo.com,2026-08-18,delivered,m267
C0000031,cliente31_1@exemplo.com,2026-07-31,delivered,m53
C0000153,cliente153_0@exemplo.com,2026-08-18,bounce_hard,m352
C0000195,cliente195_1@exemplo.com,2026-08-26,delivered,m460
C0000060,CLIENTE60_1@EXEMPLO.COM,2026-08-08,bounce_hard,m112
C0000406,cliente406_0@exemplo.com,2026-09-14,bounce_hard,m990
C0000099,cliente99_0@exemplo.com,2026-09-04,bounce_hard,m234
C0000473,cliente473_0@exemplo.com,2026-09-19,delivered,m1144
C0000086,cliente86_1@exemplo.com,2026-09-22,bounce_hard,m205
C0000060,cliente60_0@exemplo.com,2026-08-10,bounce_soft,m110
C0000395,cliente395_0@exemplo.com,2026-08-31,bounce_hard,m960
C0000399,cliente399_1@exemplo.com,2026-08-26,bounce_hard,m977
C0000243,cliente243_0@exemplo.com,2026-08-07,delivered,m585
C0000026,CLIENTE26_1@EXEMPLO.COM,2026-09-05,bounce_hard,m35
C0000071,cliente71_1@exemplo.com,2026-08-01,delivered,m155
C0000292,cliente292_0@exemplo.com,2026-07-31,bounce_hard,m704
C0000212,CLIENTE212_0@EXEMPLO.COM,2026-09-21,delivered,m497
C0000339,cliente339_1@exemplo.com,2026-09-13,bounce_hard,m809
C0000488,cliente488_0@exemplo.com,2026-08-08,delivered,m1185
C0000131,cliente131_0@exemplo.com,2026-09-05,bounce_hard,m282
C0000144,cliente144_1@exemplo.com,2026-09-06,delivered,m324
C0000124,cliente124_1@exemplo.com,2026-09-23,bounce_hard,m275
C0000184,cliente184_0@exemplo.com,2026-09-17,delivered,m426
C0000296,cliente296_0@exemplo.com,2026-08-04,bounce_hard,m726
C0000319,CLIENTE319_0@EXEMPLO.COM,2026-08-20,delivered,m770
C0000129,cliente129_1@exemplo.com,2026-08-05,delivered,m279
C0000084,cliente84_0@exemplo.com,2026-07-30,delivered,m198
C0000488,cliente488_1@exemplo.com,2026-08-02,bounce_hard,m1189
C0000275,cliente275_1@exemplo.com,2026-09-16,bounce_hard,m653
C0000087,cliente87_0@exemplo.com,2026-09-16,deferred,m216
C0000236,cliente236_0@exemplo.com,2026-09-13,bounce_hard,m565
C0000124,CLIENTE124_0@EXEMPLO.COM,2026-09-13,bounce_soft,m273
C0000281,cliente281_0@exemplo.com,2026-09-09,bounce_hard,m662
C0000194,cliente194_0@exemplo.com,2026-08-05,bounce_soft,m454
C0000477,cliente477_0@exemplo.com,2026-09-13,bounce_hard,m1152
C0000166,cliente166_0@exemplo.com,2026-07-30,bounce_hard,m391
C0000148,cliente148_0@exemplo.com,2026-09-09,delivered,m338
C0000068,cliente68_1@exemplo.com,2026-08-15,bounce_hard,m143
C0000427,cliente427_0@exemplo.com,2026-08-05,delivered,m1027
C0000084,CLIENTE84_0@EXEMPLO.COM,2026-09-08,delivered,m203
C0000047,cliente47_0@exemplo.com,2026-09-03,delivered,m83
C0000396,cliente396_0@exemplo.com,2026-08-21,delivered,m968
C0000227,cliente227_1@exemplo.com,2026-08-31,delivered,m527
C0000065,cliente65_1@exemplo.com,2026-09-20,open,m130
C0000217,cliente217_1@exemplo.com,2026-08-05,delivered,m500
C0000271,CLIENTE271_0@EXEMPLO.COM,2026-08-09,delivered,m637
C0000076,cliente76_1@exemplo.com,2026-08-15,delivered,m174
C0000158,cliente158_0@exemplo.com,2026-08-20,bounce_hard,m370
C0000376,cliente376_1@exemplo.com,2026-08-04,deferred,m927
C0000350,cliente350_0@exemplo.com,2026-08-27,delivered,m850
C0000197,cliente197_0@exemplo.com,2026-08-15,delivered,m465
C0000436,cliente436_0@exemplo.com,2026-09-17,bounce_hard,m1055
C0000368,cliente368_1@exemplo.com,2026-08-19,bounce_hard,m894
C0000351,cliente351_0@exemplo.com,2026-08-10,bounce_hard,m855
C0000066,CLIENTE66_0@EXEMPLO.COM,2026-09-02,delivered,m140
C0000157,cliente157_0@exemplo.com,2026-09-11,bounce_hard,m369
C0000488,cliente488_1@exemplo.com,2026-09-11,bounce_hard,m1187
C0000445,CLIENTE445_0@EXEMPLO.COM,2026-09-17,bounce_hard,m1085
C0000275,cliente275_1@exemplo.com,2026-09-21,bounce_hard,m652
C0000146,cliente146_0@exemplo.com,2026-08-04,bounce_hard,m333
C0000176,cliente176_0@exemplo.com,2026-09-12,bounce_hard,m405
C0000431,cliente431_1@exemplo.com,2026-08-27,delivered,m1041
,cliente124_0@exemplo.com,2026-08-11,delivered,m274
C0000227,cliente227_1@exemplo.com,2026-08-20,portal_login,m531
C0000367,cliente367_1@exemplo.com,2026-08-24,delivered,m890
C0000399,cliente399_1@exemplo.com,2026-08-13,bounce_hard,m974
C0000359,cliente359_0@exemplo.com,2026-08-15,bounce_hard,m864
C0000046,cliente46_1@exemplo.com,2026-09-06,delivered,m81
C0000434,cliente434_0@exemplo.com,2026-08-08,delivered,m1047
C0000257,cliente257_0@exemplo.com,2026-08-21,delivered,m615
C0000263,cliente263_0@exemplo.com,2026-08-21,open,m624
C0000212,cliente212_1@exemplo.com,2026-09-15,bounce_hard,m495
C0000240,cliente240_1@exemplo.com,2026-08-19,bounce_hard,m572
C0000260,cliente260_0@exemplo.com,2026-09-22,bounce_hard,m620
C0000483,cliente483_1@exemplo.com,2026-08-11,delivered,m1173
C0000246,cliente246_0@exemplo.com,2026-09-24,delivered,m597
C0000328,cliente328_0@exemplo.com,2026-09-09,delivered,m790
C0000142,CLIENTE142_1@EXEMPLO.COM,2026-08-29,delivered,m315
C0000231,cliente231_0@exemplo.com,2026-09-09,bounce_hard,m538
C0000227,cliente227_1@exemplo.com,2026-08-16,delivered,m528
C0000161,cliente161_1@exemplo.com,2026-08-30,bounce_hard,m380
C0000371,cliente371_1@exemplo.com,2026-08-27,open,m909
C0000111,CLIENTE111_0@EXEMPLO.COM,2026-09-16,bounce_hard,m259
C0000360,cliente360_0@exemplo.com,2026-08-03,delivered,m867
C0000016,cliente16_0@exemplo.com,2026-09-07,bounce_hard,m20
C0000063,cliente63_0@exemplo.com,2026-08-03,delivered,m124
C0000289,CLIENTE289_1@EXEMPLO.COM,2026-08-07,delivered,m686
C0000034,cliente34_1@exemplo.com,2026-08-19,delivered,m61
C0000280,cliente280_1@exemplo.com,2026-08-19,bounce_hard,m661
C0000112,cliente112_0@exemplo.com,2026-08-29,bounce_hard,m261
C0000235,cliente235_1@exemplo.com,2026-08-20,delivered,m562
C0000003,cliente3_1@exemplo.com,2026-09-24,delivered,m4
C0000080,cliente80_1@exemplo.com,2026-08-03,delivered,m191
C0000143,cliente143_0@exemplo.com,2026-09-01,delivered,m319
C0000206,cliente206_1@exemplo.com,2026-08-14,delivered,m489
C0000086,cliente86_0@exemplo.com,2026-07-27,bounce_hard,m208
C0000317,cliente317_0@exemplo.com,2026-08-06,delivered,m765
C0000243,cliente243_0@exemplo.com,2026-09-05,delivered,m586
C0000026,cliente26_0@exemplo.com,2026-09-15,delivered,m39
C0000460,CLIENTE460_0@EXEMPLO.COM,2026-09-11,bounce_hard,m1120
C0000473,cliente473_0@exemplo.com,2026-09-20,bounce_soft,m1143
C0000438,cliente438_0@exemplo.com,2026-08-03,bounce_hard,m1059
C0000340,cliente340_0@exemplo.com,2026-07-28,open,m818
C0000089,cliente89_0@exemplo.com,2026-09-22,bounce_hard,m221
C0000158,cliente158_0@exemplo.com,2026-09-19,bounce_hard,m372
C0000227,cliente227_1@exemplo.com,2026-09-16,delivered,m534
C0000454,cliente454_0@exemplo.com,2026-09-05,bounce_hard,m1105
C0000423,cliente423_0@exemplo.com,2026-09-11,delivered,m1014
C0000293,cliente293_0@exemplo.com,2026-09-10,bounce_hard,m713
C0000063,cliente63_0@exemplo.com,2026-09-20,delivered,m122
C0000093,CLIENTE93_0@EXEMPLO.COM,2026-09-18,delivered,m224
C0000465,cliente465_1@exemplo.com,2026-09-04,delivered,m1137
C0000095,cliente95_0@exemplo.com,2026-08-01,bounce_hard,m228
C0000073,cliente73_1@exemplo.com,2026-08-12,delivered,m159
C0000446,CLIENTE446_1@EXEMPLO.COM,2026-09-17,bounce_hard,m1092
C0000241,cliente241_0@exemplo.com,2026-08-03,delivered,m579
C0000246,cliente246_1@exemplo.com,2026-08-04,portal_login,m593
C0000046,cliente46_1@exemplo.com,2026-09-23,delivered,m80
C0000361,cliente361_0@exemplo.com,2026-09-15,delivered,m870
C0000395,cliente395_0@exemplo.com,2026-08-12,bounce_hard,m961
C0000204,cliente204_1@exemplo.com,2026-08-27,delivered,m477
C0000415,cliente415_0@exemplo.com,2026-09-06,delivered,m1003
C0000038,cliente38_0@exemplo.com,2026-08-31,delivered,m67
C0000466,cliente466_0@exemplo.com,2026-09-20,bounce_hard,m1138
C0000460,cliente460_0@exemplo.com,2026-09-07,bounce_hard,m1119
C0000168,cliente168_0@exemplo.com,2026-08-09,delivered,m396
C0000398,cliente398_0@exemplo.com,2026-09-06,bounce_hard,m969
C0000393,CLIENTE393_0@EXEMPLO.COM,2026-08-01,delivered,m959
C0000180,cliente180_0@exemplo.com,2026-09-15,click,m421
C0000316,cliente316_0@exemplo.com,2026-08-03,bounce_hard,m764
C0000441,cliente441_0@exemplo.com,2026-09-06,delivered,m1070
C0000293,cliente293_0@exemplo.com,2026-08-26,bounce_hard,m715
C0000241,cliente241_0@exemplo.com,2026-09-18,delivered,m578
C0000290,cliente290_0@exemplo.com,2026-08-22,delivered,m696
C0000217,cliente217_0@exemplo.com,2026-08-07,bounce_hard,m508
C0000086,cliente86_1@exemplo.com,2026-08-20,bounce_hard,m212
C0000179,cliente179_1@exemplo.com,2026-08-17,delivered,m415
C0000046,cliente46_1@exemplo.com,2026-08-13,open,m79
C0000232,cliente232_1@exemplo.com,2026-08-29,bounce_hard,m548
C0000143,cliente143_0@exemplo.com,2026-09-11,open,m317
C0000075,CLIENTE75_1@EXEMPLO.COM,2026-09-22,delivered,m168
C0000325,CLIENTE325_1@EXEMPLO.COM,2026-08-07,delivered,m777
C0000026,cliente26_0@exemplo.com,2026-08-07,delivered,m38
C0000148,cliente148_0@exemplo.com,2026-09-18,open,m342
C0000078,cliente78_1@exemplo.com,2026-09-04,delivered,m183
C0000049,CLIENTE49_1@EXEMPLO.COM,2026-09-18,delivered,m91
C0000026,cliente26_1@exemplo.com,2026-09-09,bounce_hard,m37
C0000249,cliente249_0@exemplo.com,2026-09-10,open,m605
C0000070,cliente70_0@exemplo.com,2026-09-03,bounce_hard,m153
C0000381,cliente381_0@exemplo.com,2026-09-23,delivered,m942
C0000074,cliente74_0@exemplo.com,2026-08-25,delivered,m166
C0000132,cliente132_0@exemplo.com,2026-08-29,delivered,m290
C0000324,cliente324_0@exemplo.com,2026-07-29,delivered,m776
C0000172,cliente172_0@exemplo.com,2026-08-20,bounce_hard,m401
C0000223,cliente223_1@exemplo.com,2026-09-16,delivered,m519
C0000070,cliente70_0@exemplo.com,2026-08-21,bounce_hard,m150
C0000156,CLIENTE156_1@EXEMPLO.COM,2026-09-12,delivered,m364
C0000060,cliente60_0@exemplo.com,2026-08-30,bounce_soft,m108
C0000189,cliente189_1@exemplo.com,2026-07-27,deferred,m446
C0000019,cliente19_0@exemplo.com,2026-07-30,bounce_hard,m22
C0000408,cliente408_0@exemplo.com,2026-08-15,delivered,m997
C0000461,cliente461_1@exemplo.com,2026-09-23,delivered,m1125
C0000070,cliente70_1@exemplo.com,2026-07-27,delivered,m152
C0000144,cliente144_0@exemplo.com,2026-08-28,bounce_hard,m327
C0000047,CLIENTE47_0@EXEMPLO.COM,2026-08-24,delivered,m84
C0000132,cliente132_0@exemplo.com,2026-07-30,delivered,m286
C0000217,cliente217_0@exemplo.com,2026-09-01,bounce_hard,m502
C0000085,cliente85_0@exemplo.com,2026-08-17,bounce_soft,m204
C0000132,cliente132_0@exemplo.com,2026-08-31,delivered,m288
C0000292,cliente292_0@exemplo.com,2026-09-24,bounce_hard,m706
C0000180,CLIENTE180_0@EXEMPLO.COM,2026-08-05,delivered,m420
C0000177,cliente177_1@exemplo.com,2026-07-29,bounce_hard,m411
C0000480,cliente480_0@exemplo.com,2026-09-06,bounce_hard,m1161
C0000226,CLIENTE226_0@EXEMPLO.COM,2026-08-20,delivered,m525
C0000227,cliente227_0@exemplo.com,2026-09-23,bounce_hard,m529
C0000231,cliente231_0@exemplo.com,2026-09-01,bounce_hard,m542
C0000100,cliente100_0@exemplo.com,2026-09-03,bounce_hard,m237
C0000331,cliente331_0@exemplo.com,2026-09-16,bounce_hard,m799
C0000137,cliente137_0@exemplo.com,2026-09-04,delivered,m296
C0000407,cliente407_1@exemplo.com,2026-09-15,bounce_hard,m993
C0000365,cliente365_0@exemplo.com,2026-08-28,bounce_hard,m884
C0000259,cliente259_1@exemplo.com,2026-08-06,bounce_hard,m619
C0000372,cliente372_0@exemplo.com,2026-08-09,bounce_soft,m912
C0000204,cliente204_0@exemplo.com,2026-08-10,delivered,m480
C0000368,cliente368_0@exemplo.com,2026-09-17,bounce_hard,m892
C0000031,cliente31_1@exemplo.com,2026-07-31,delivered,m55
C0000111,cliente111_0@exemplo.com,2026-09-21,bounce_hard,m257
C0000304,CLIENTE304_0@EXEMPLO.COM,2026-08-30,bounce_hard,m735
C0000084,cliente84_0@exemplo.com,2026-09-21,delivered,m200
C0000361,CLIENTE361_1@EXEMPLO.COM,2026-09-08,delivered,m868
C0000316,CLIENTE316_0@EXEMPLO.COM,2026-07-30,bounce_hard,m763
C0000107,cliente107_1@exemplo.com,2026-09-19,delivered,m248
C0000060,cliente60_0@exemplo.com,2026-08-20,open,m111
C0000052,cliente52_0@exemplo.com,2026-09-08,delivered,m97
C0000362,cliente362_0@exemplo.com,2026-08-25,bounce_hard,m873
C0000177,cliente177_1@exemplo.com,2026-08-22,bounce_hard,m414
C0000313,CLIENTE313_0@EXEMPLO.COM,2026-08-21,click,m756
C0000371,cliente371_0@exemplo.com,2026-09-02,delivered,m902
C0000367,CLIENTE367_1@EXEMPLO.COM,2026-08-02,delivered,m889
C0000291,CLIENTE291_0@EXEMPLO.COM,2026-08-07,bounce_hard,m700
C0000457,cliente457_0@exemplo.com,2026-08-29,delivered,m1111
C0000154,cliente154_0@exemplo.com,2026-08-06,open,m360
C0000375,cliente375_0@exemplo.com,2026-08-30,open,m921
C0000096,cliente96_1@exemplo.com,2026-08-30,delivered,m230
C0000006,cliente6_0@exemplo.com,2026-08-22,delivered,m12
C0000027,cliente27_1@exemplo.com,2026-07-30,delivered,m43
C0000280,CLIENTE280_1@EXEMPLO.COM,2026-08-28,bounce_hard,m658
C0000194,cliente194_0@exemplo.com,2026-09-23,delivered,m453
C0000249,cliente249_0@exemplo.com,2026-09-10,open,m605
C0000427,cliente427_0@exemplo.com,2026-09-20,delivered,m1024
C0000168,cliente168_1@exemplo.com,2026-09-07,bounce_hard,m395
C0000205,cliente205_1@exemplo.com,2026-07-29,delivered,m484
C0000324,cliente324_0@exemplo.com,2026-09-10,delivered,m774
C0000104,cliente104_1@exemplo.com,2026-09-02,bounce_hard,m240
C0000465,cliente465_1@exemplo.com,2026-09-16,portal_login,m1136
C0000148,CLIENTE148_0@EXEMPLO.COM,2026-09-01,delivered,m336
C0000042,cliente42_0@exemplo.com,2026-08-22,delivered,m74
C0000422,cliente422_1@exemplo.com,2026-09-15,delivered,m1011
C0000367,cliente367_0@exemplo.com,2026-08-18,delivered,m886
C0000365,CLIENTE365_0@EXEMPLO.COM,2026-08-18,bounce_hard,m882
C0000399,cliente399_1@exemplo.com,2026-08-24,bounce_hard,m978
C0000341,cliente341_1@exemplo.com,2026-08-24,open,m820
C0000316,cliente316_0@exemplo.com,2026-07-28,bounce_hard,m762
C0000259,cliente259_1@exemplo.com,2026-09-02,bounce_hard,m618
C0000364,cliente364_0@exemplo.com,2026-08-21,bounce_hard,m874
C0000481,CLIENTE481_0@EXEMPLO.COM,2026-08-15,bounce_hard,m1169
C0000344,cliente344_0@exemplo.com,2026-08-03,delivered,m829
C0000094,cliente94_0@exemplo.com,2026-07-27,bounce_hard,m225
C0000199,cliente199_0@exemplo.com,2026-08-22,bounce_hard,m472
C0000375,cliente375_0@exemplo.com,2026-07-28,delivered,m922
C0000249,cliente249_1@exemplo.com,2026-07-28,delivered,m601
C0000430,CLIENTE430_0@EXEMPLO.COM,2026-09-08,delivered,m1036
C0000189,CLIENTE189_1@EXEMPLO.COM,2026-08-17,bounce_hard,m441
C0000436,cliente436_0@exemplo.com,2026-08-16,bounce_hard,m1056
C0000272,cliente272_0@exemplo.com,2026-08-17,delivered,m643
C0000287,cliente287_0@exemplo.com,2026-08-29,click,m681
C0000034,cliente34_0@exemplo.com,2026-08-14,delivered,m60
C0000023,cliente23_1@exemplo.com,2026-09-17,bounce_hard,m30
C0000281,cliente281_0@exemplo.com,2026-07-31,bounce_hard,m663
C0000243,cliente243_0@exemplo.com,2026-09-23,open,m587
C0000439,cliente439_1@exemplo.com,2026-08-24,bounce_hard,m1066
C0000399,cliente399_0@exemplo.com,2026-08-16,bounce_hard,m979
C0000371,CLIENTE371_1@EXEMPLO.COM,2026-08-20,delivered,m903
C0000204,cliente204_1@exemplo.com,2026-09-16,delivered,m482
C0000065,cliente65_0@exemplo.com,2026-07-29,bounce_hard,m128
C0000473,cliente473_0@exemplo.com,2026-08-17,deferred,m1142
C0000076,cliente76_0@exemplo.com,2026-08-10,delivered,m171
C0000289,CLIENTE289_1@EXEMPLO.COM,2026-08-07,delivered,m693
C0000148,cliente148_0@exemplo.com,2026-08-11,delivered,m341
C0000131,cliente131_0@exemplo.com,2026-08-17,bounce_hard,m284
C0000023,cliente23_0@exemplo.com,2026-08-16,bounce_hard,m31
C0000358,cliente358_1@exemplo.com,2026-08-07,open,m862
C0000319,cliente319_0@exemplo.com,2026-08-01,delivered,m771
C0000446,cliente446_1@exemplo.com,2026-08-28,bounce_hard,m1089
C0000460,cliente460_0@exemplo.com,2026-07-31,bounce_hard,m1121
C0000418,cliente418_0@exemplo.com,2026-09-08,bounce_hard,m1005
C0000108,cliente108_0@exemplo.com,2026-09-07,delivered,m253
C0000108,cliente108_0@exemplo.com,2026-09-12,delivered,m254
C0000162,cliente162_0@exemplo.com,2026-09-12,delivered,m383
C0000473,CLIENTE473_0@EXEMPLO.COM,2026-09-05,delivered,m1141
C0000431,cliente431_1@exemplo.com,2026-09-23,delivered,m1040
C0000263,cliente263_0@exemplo.com,2026-09-04,delivered,m625
C0000019,cliente19_0@exemplo.com,2026-08-24,bounce_hard,m23
C0000232,cliente232_1@exemplo.com,2026-09-08,bounce_hard,m549
C0000030,cliente30_0@exemplo.com,2026-09-16,delivered,m50
C0000275,cliente275_1@exemplo.com,2026-09-19,bounce_hard,m647
C0000237,cliente237_0@exemplo.com,2026-08-12,bounce_hard,m568
C0000430,cliente430_0@exemplo.com,2026-09-08,delivered,m1037
C0000488,cliente488_0@exemplo.com,2026-09-11,delivered,m1184
C0000421,cliente421_1@exemplo.com,2026-09-18,bounce_hard,m1010
C0000494,cliente494_0@exemplo.com,2026-09-20,bounce_hard,m1191
C0000234,cliente234_0@exemplo.com,2026-08-05,bounce_hard,m556
C0000446,cliente446_0@exemplo.com,2026-09-11,delivered,m1093
C0000365,cliente365_0@exemplo.com,2026-08-25,bounce_hard,m878
C0000289,cliente289_1@exemplo.com,2026-08-01,delivered,m694
C0000070,cliente70_0@exemplo.com,2026-08-16,bounce_hard,m149
C0000396,CLIENTE396_0@EXEMPLO.COM,2026-09-02,bounce_soft,m966
C0000328,cliente328_0@exemplo.com,2026-09-21,bounce_soft,m787
C0000430,cliente430_0@exemplo.com,2026-09-08,delivered,m1032
C0000462,cliente462_0@exemplo.com,2026-09-20,delivered,m1131
C0000065,cliente65_0@exemplo.com,2026-07-31,bounce_hard,m131
C0000286,cliente286_0@exemplo.com,2026-08-15,delivered,m675
C0000399,CLIENTE399_1@EXEMPLO.COM,2026-09-13,bounce_hard,m980
C0000197,CLIENTE197_0@EXEMPLO.COM,2026-08-14,bounce_soft,m462
C0000384,CLIENTE384_0@EXEMPLO.COM,2026-08-02,delivered,m945
C0000108,CLIENTE108_1@EXEMPLO.COM,2026-09-21,delivered,m252
C0000153,cliente153_0@exemplo.com,2026-09-22,bounce_hard,m351
C0000474,cliente474_1@exemplo.com,2026-07-29,delivered,m1147
C0000180,cliente180_0@exemplo.com,2026-09-11,delivered,m422
C0000070,cliente70_0@exemplo.com,2026-09-17,bounce_hard,m151
C0000371,cliente371_0@exemplo.com,2026-09-02,delivered,m902
C0000339,cliente339_0@exemplo.com,2026-07-27,delivered,m816
C0000071,cliente71_0@exemplo.com,2026-08-26,click,m157
C0000344,cliente344_0@exemplo.com,2026-09-08,delivered,m835
C0000049,cliente49_1@exemplo.com,2026-08-23,open,m93
C0000398,cliente398_0@exemplo.com,2026-07-28,bounce_hard,m970
C0000441,CLIENTE441_0@EXEMPLO.COM,2026-08-26,bounce_soft,m1078
C0000364,CLIENTE364_1@EXEMPLO.COM,2026-09-13,deferred,m875
C0000233,cliente233_0@exemplo.com,2026-09-03,bounce_hard,m551
C0000048,cliente48_0@exemplo.com,2026-08-30,delivered,m89
C0000430,cliente430_0@exemplo.com,2026-08-18,delivered,m1038
C0000026,cliente26_0@exemplo.com,2026-09-19,delivered,m36
C0000441,cliente441_0@exemplo.com,2026-08-17,delivered,m1074
C0000018,CLIENTE18_1@EXEMPLO.COM,2026-08-26,delivered,m21
C0000241,cliente241_0@exemplo.com,2026-09-14,delivered,m577
C0000112,cliente112_1@exemplo.com,2026-08-20,delivered,m262
C0000232,cliente232_1@exemplo.com,2026-08-28,bounce_hard,m547
C0000063,cliente63_1@exemplo.com,2026-08-01,delivered,m123
C0000289,cliente289_0@exemplo.com,2026-07-31,bounce_hard,m691
C0000483,cliente483_0@exemplo.com,2026-09-11,bounce_hard,m1175
,cliente430_0@exemplo.com,2026-08-24,delivered,m1031
C0000395,cliente395_0@exemplo.com,2026-08-27,bounce_hard,m963
C0000107,cliente107_1@exemplo.com,2026-08-06,delivered,m251
C0000042,cliente42_1@exemplo.com,2026-09-24,delivered,m75
C0000030,cliente30_1@exemplo.com,2026-08-18,bounce_hard,m51
C0000104,cliente104_1@exemplo.com,2026-09-02,bounce_hard,m240
C0000271,cliente271_0@exemplo.com,2026-09-01,delivered,m636
C0000199,cliente199_1@exemplo.com,2026-09-23,delivered,m471
C0000152,cliente152_0@exemplo.com,2026-07-30,bounce_hard,m347
C0000027,CLIENTE27_1@EXEMPLO.COM,2026-09-12,click,m42
C0000431,cliente431_0@exemplo.com,2026-07-28,delivered,m1042
C0000457,cliente457_0@exemplo.com,2026-09-12,delivered,m1109
C0000281,cliente281_1@exemplo.com,2026-08-14,delivered,m666
C0000348,cliente348_0@exemplo.com,2026-09-19,bounce_hard,m841
C0000462,cliente462_0@exemplo.com,2026-09-15,delivered,m1132
C0000059,cliente59_0@exemplo.com,2026-08-06,delivered,m104
C0000059,cliente59_0@exemplo.com,2026-08-09,delivered,m107
C0000187,cliente187_0@exemplo.com,2026-09-20,bounce_hard,m430
C0000212,cliente212_0@exemplo.com,2026-09-15,bounce_soft,m494
C0000142,cliente142_1@exemplo.com,2026-07-30,delivered,m313
C0000351,CLIENTE351_0@EXEMPLO.COM,2026-08-29,bounce_hard,m854
C0000063,cliente63_1@exemplo.com,2026-09-22,delivered,m120
C0000063,CLIENTE63_0@EXEMPLO.COM,2026-09-21,delivered,m119
C0000249,CLIENTE249_0@EXEMPLO.COM,2026-09-07,delivered,m602
,cliente27_1@exemplo.com,2026-08-29,delivered,m45
C0000348,cliente348_1@exemplo.com,2026-09-13,delivered,m843
C0000229,cliente229_1@exemplo.com,2026-09-20,delivered,m537
C0000399,CLIENTE399_1@EXEMPLO.COM,2026-07-28,bounce_hard,m973
C0000121,cliente121_0@exemplo.com,2026-09-24,bounce_hard,m265
C0000342,CLIENTE342_1@EXEMPLO.COM,2026-08-22,delivered,m826
C0000206,cliente206_1@exemplo.com,2026-09-21,delivered,m486
C0000204,cliente204_1@exemplo.com,2026-08-12,delivered,m474
C0000188,cliente188_1@exemplo.com,2026-09-20,bounce_hard,m436
C0000123,cliente123_1@exemplo.com,2026-08-01,delivered,m271
C0000456,cliente456_0@exemplo.com,2026-09-10,delivered,m1107
C0000465,cliente465_0@exemplo.com,2026-09-21,bounce_hard,m1133
C0000063,cliente63_0@exemplo.com,2026-09-06,delivered,m125
C0000027,cliente27_1@exemplo.com,2026-08-22,delivered,m44
C0000188,cliente188_1@exemplo.com,2026-08-14,bounce_hard,m433
C0000087,CLIENTE87_0@EXEMPLO.COM,2026-08-08,delivered,m217
C0000248,cliente248_1@exemplo.com,2026-09-16,bounce_hard,m599
C0000237,cliente237_0@exemplo.com,2026-09-03,bounce_hard,m566
,cliente116_1@exemplo.com,2026-07-27,delivered,m263
C0000065,cliente65_1@exemplo.com,2026-09-21,delivered,m134
C0000078,cliente78_1@exemplo.com,2026-08-15,delivered,m184
C0000327,cliente327_0@exemplo.com,2026-07-27,bounce_hard,m785
C0000481,cliente481_0@exemplo.com,2026-09-09,bounce_hard,m1171
C0000423,cliente423_0@exemplo.com,2026-08-20,bounce_soft,m1016
C0000339,cliente339_1@exemplo.com,2026-08-21,bounce_hard,m814
C0000292,cliente292_0@exemplo.com,2026-09-01,bounce_hard,m701
C0000473,cliente473_0@exemplo.com,2026-09-02,open,m1140
C0000076,cliente76_0@exemplo.com,2026-08-18,delivered,m178
C0000132,cliente132_0@exemplo.com,2026-08-31,delivered,m288
C0000242,cliente242_0@exemplo.com,2026-08-31,bounce_hard,m582
C0000380,cliente380_0@exemplo.com,2026-08-15,delivered,m935
C0000441,cliente441_0@exemplo.com,2026-08-08,delivered,m1076
C0000065,cliente65_1@exemplo.com,2026-09-21,delivered,m134
C0000154,cliente154_0@exemplo.com,2026-08-13,delivered,m361
C0000426,cliente426_0@exemplo.com,2026-08-17,delivered,m1021
C0000431,CLIENTE431_1@EXEMPLO.COM,2026-08-21,open,m1043
C0000292,cliente292_1@exemplo.com,2026-09-03,delivered,m705
C0000292,cliente292_0@exemplo.com,2026-09-24,bounce_hard,m706
,cliente274_0@exemplo.com,2026-08-31,delivered,m645
C0000084,cliente84_0@exemplo.com,2026-08-09,delivered,m197
C0000374,cliente374_0@exemplo.com,2026-09-12,delivered,m919
C0000195,cliente195_1@exemplo.com,2026-08-12,delivered,m457
C0000311,cliente311_1@exemplo.com,2026-09-08,delivered,m747
C0000287,CLIENTE287_0@EXEMPLO.COM,2026-09-19,delivered,m679
C0000234,cliente234_0@exemplo.com,2026-09-21,bounce_hard,m557
C0000010,CLIENTE10_0@EXEMPLO.COM,2026-08-01,bounce_soft,m14
C0000039,cliente39_0@exemplo.com,2026-09-07,delivered,m71
C0000281,cliente281_1@exemplo.com,2026-08-05,delivered,m664
C0000027,cliente27_1@exemplo.com,2026-09-04,delivered,m40
C0000293,CLIENTE293_0@EXEMPLO.COM,2026-09-14,deferred,m714
C0000390,cliente390_0@exemplo.com,2026-08-17,delivered,m955
C0000390,cliente390_0@exemplo.com,2026-08-29,delivered,m956
C0000404,cliente404_0@exemplo.com,2026-08-07,bounce_hard,m988
C0000132,cliente132_0@exemplo.com,2026-07-27,open,m289
C0000006,cliente6_0@exemplo.com,2026-07-27,delivered,m10
C0000356,cliente356_0@exemplo.com,2026-09-22,delivered,m857
C0000088,cliente88_0@exemplo.com,2026-08-21,bounce_hard,m218
C0000461,cliente461_0@exemplo.com,2026-09-11,delivered,m1128
C0000478,cliente478_0@exemplo.com,2026-08-10,portal_login,m1156
C0000145,cliente145_1@exemplo.com,2026-09-10,bounce_hard,m331
C0000226,cliente226_0@exemplo.com,2026-08-18,delivered,m523
C0000370,cliente370_1@exemplo.com,2026-09-24,delivered,m901
C0000093,cliente93_0@exemplo.com,2026-08-29,delivered,m223
C0000335,CLIENTE335_1@EXEMPLO.COM,2026-08-29,delivered,m805
C0000194,cliente194_0@exemplo.com,2026-08-12,delivered,m451
C0000456,CLIENTE456_0@EXEMPLO.COM,2026-09-09,delivered,m1106
C0000444,cliente444_0@exemplo.com,2026-09-06,bounce_hard,m1080
C0000150,cliente150_0@exemplo.com,2026-08-03,bounce_hard,m345
C0000229,cliente229_0@exemplo.com,2026-08-24,bounce_hard,m535
C0000376,CLIENTE376_1@EXEMPLO.COM,2026-09-08,bounce_hard,m924
C0000206,CLIENTE206_1@EXEMPLO.COM,2026-07-27,delivered,m490
C0000317,cliente317_0@exemplo.com,2026-09-05,delivered,m766
C0000197,cliente197_0@exemplo.com,2026-08-02,delivered,m466
C0000272,CLIENTE272_1@EXEMPLO.COM,2026-09-19,click,m644
C0000439,cliente439_1@exemplo.com,2026-08-31,bounce_hard,m1062
C0000328,cliente328_0@exemplo.com,2026-09-16,delivered,m788
C0000357,cliente357_1@exemplo.com,2026-08-14,bounce_hard,m858
C0000423,CLIENTE423_0@EXEMPLO.COM,2026-09-23,delivered,m1015
C0000380,cliente380_1@exemplo.com,2026-09-05,delivered,m936
C0000086,CLIENTE86_0@EXEMPLO.COM,2026-08-05,bounce_hard,m210
C0000153,cliente153_1@exemplo.com,2026-08-19,bounce_hard,m355
C0000023,cliente23_1@exemplo.com,2026-09-23,bounce_hard,m32
C0000161,CLIENTE161_1@EXEMPLO.COM,2026-09-22,bounce_hard,m378
C0000373,CLIENTE373_0@EXEMPLO.COM,2026-09-22,delivered,m917
C0000481,cliente481_0@exemplo.com,2026-09-11,bounce_hard,m1170
C0000301,cliente301_0@exemplo.com,2026-07-27,bounce_hard,m732
C0000227,cliente227_0@exemplo.com,2026-08-27,bounce_hard,m530
C0000194,cliente194_0@exemplo.com,2026-07-31,delivered,m452
C0000199,cliente199_1@exemplo.com,2026-09-18,delivered,m470
C0000237,cliente237_0@exemplo.com,2026-08-14,bounce_hard,m570
C0000252,cliente252_0@exemplo.com,2026-09-08,bounce_hard,m608
C0000233,cliente233_0@exemplo.com,2026-08-24,bounce_hard,m550
,cliente170_0@exemplo.com,2026-08-03,open,m398
C0000374,cliente374_0@exemplo.com,2026-09-02,delivered,m918
C0000351,cliente351_0@exemplo.com,2026-08-09,bounce_hard,m853
C0000272,cliente272_0@exemplo.com,2026-08-30,delivered,m639
C0000198,cliente198_1@exemplo.com,2026-09-14,delivered,m467
C0000204,cliente204_1@exemplo.com,2026-08-10,delivered,m481
C0000449,cliente449_0@exemplo.com,2026-08-12,delivered,m1100
C0000312,cliente312_1@exemplo.com,2026-08-04,delivered,m754
C0000176,cliente176_0@exemplo.com,2026-08-26,bounce_hard,m404
C0000380,cliente380_1@exemplo.com,2026-08-27,delivered,m939
C0000391,cliente391_1@exemplo.com,2026-09-12,bounce_hard,m957
C0000481,cliente481_0@exemplo.com,2026-08-15,bounce_hard,m1168
C0000048,cliente48_0@exemplo.com,2026-08-15,delivered,m88
C0000031,cliente31_0@exemplo.com,2026-08-18,delivered,m52
C0000400,cliente400_0@exemplo.com,2026-09-12,delivered,m982
C0000457,cliente457_0@exemplo.com,2026-08-29,delivered,m1112
C0000166,cliente166_1@exemplo.com,2026-09-14,bounce_hard,m390
C0000324,cliente324_0@exemplo.com,2026-07-29,bounce_soft,m775
C0000312,CLIENTE312_1@EXEMPLO.COM,2026-08-23,delivered,m749
C0000367,cliente367_1@exemplo.com,2026-08-10,click,m888
C0000356,cliente356_0@exemplo.com,2026-09-22,delivered,m857
C0000308,cliente308_0@exemplo.com,2026-09-09,delivered,m744
C0000150,cliente150_0@exemplo.com,2026-09-06,bounce_hard,m344
C0000275,cliente275_0@exemplo.com,2026-08-03,delivered,m648
C0000086,cliente86_1@exemplo.com,2026-07-30,bounce_hard,m206
C0000499,CLIENTE499_0@EXEMPLO.COM,2026-08-15,bounce_hard,m1197
C0000304,cliente304_0@exemplo.com,2026-08-21,bounce_hard,m734
C0000011,cliente11_1@exemplo.com,2026-09-06,delivered,m16
C0000391,cliente391_0@exemplo.com,2026-08-13,bounce_hard,m958
C0000383,cliente383_1@exemplo.com,2026-08-28,delivered,m943
C0000081,cliente81_0@exemplo.com,2026-08-19,bounce_hard,m195
C0000137,cliente137_1@exemplo.com,2026-08-31,bounce_hard,m297
C0000376,CLIENTE376_1@EXEMPLO.COM,2026-09-08,bounce_hard,m924
C0000485,cliente485_0@exemplo.com,2026-09-16,delivered,m1181
C0000212,cliente212_1@exemplo.com,2026-08-26,bounce_hard,m496
C0000289,cliente289_0@exemplo.com,2026-08-29,bounce_hard,m689
C0000187,cliente187_0@exemplo.com,2026-07-28,bounce_hard,m429
C0000344,CLIENTE344_0@EXEMPLO.COM,2026-09-09,delivered,m833
C0000282,cliente282_0@exemplo.com,2026-09-04,delivered,m669
C0000086,cliente86_0@exemplo.com,2026-09-17,bounce_hard,m211
C0000494,cliente494_0@exemplo.com,2026-09-02,bounce_hard,m1192
C0000370,cliente370_1@exemplo.com,2026-07-28,delivered,m898
C0000378,CLIENTE378_0@EXEMPLO.COM,2026-08-11,delivered,m931
C0000099,cliente99_0@exemplo.com,2026-07-29,bounce_hard,m235
C0000227,CLIENTE227_0@EXEMPLO.COM,2026-09-18,bounce_hard,m532
C0000136,cliente136_1@exemplo.com,2026-08-07,open,m295
C0000499,cliente499_0@exemplo.com,2026-08-16,bounce_hard,m1198
C0000328,cliente328_0@exemplo.com,2026-08-23,delivered,m789
C0000206,cliente206_1@exemplo.com,2026-08-05,click,m488
C0000194,CLIENTE194_0@EXEMPLO.COM,2026-08-28,delivered,m455
C0000076,cliente76_1@exemplo.com,2026-09-06,delivered,m172
C0000035,cliente35_1@exemplo.com,2026-08-15,delivered,m62
C0000465,cliente465_1@exemplo.com,2026-08-03,delivered,m1135
C0000445,cliente445_0@exemplo.com,2026-07-28,bounce_hard,m1088
C0000445,cliente445_1@exemplo.com,2026-09-13,delivered,m1083
C0000221,cliente221_0@exemplo.com,2026-08-14,bounce_hard,m514
C0000296,cliente296_1@exemplo.com,2026-08-04,bounce_hard,m727
C0000373,cliente373_0@exemplo.com,2026-07-30,delivered,m916
C0000049,cliente49_1@exemplo.com,2026-09-03,delivered,m90
C0000095,cliente95_0@exemplo.com,2026-08-31,bounce_hard,m227
C0000324,cliente324_0@exemplo.com,2026-07-29,delivered,m776
C0000104,cliente104_1@exemplo.com,2026-08-08,bounce_hard,m239
C0000431,cliente431_1@exemplo.com,2026-08-25,delivered,m1045
C0000011,cliente11_0@exemplo.com,2026-08-18,delivered,m19
C0000134,cliente134_0@exemplo.com,2026-09-06,bounce_hard,m292
C0000066,cliente66_0@exemplo.com,2026-08-04,click,m139
C0000289,cliente289_0@exemplo.com,2026-08-29,bounce_hard,m689
C0000086,cliente86_1@exemplo.com,2026-08-20,bounce_hard,m209
C0000371,cliente371_1@exemplo.com,2026-08-06,bounce_soft,m908
C0000312,cliente312_1@exemplo.com,2026-08-18,delivered,m752
C0000143,CLIENTE143_0@EXEMPLO.COM,2026-08-15,delivered,m322
C0000390,cliente390_0@exemplo.com,2026-08-11,delivered,m954
C0000052,cliente52_0@exemplo.com,2026-09-03,open,m96
C0000487,CLIENTE487_0@EXEMPLO.COM,2026-08-28,bounce_hard,m1183
C0000192,cliente192_0@exemplo.com,2026-09-04,delivered,m449
C0000441,cliente441_0@exemplo.com,2026-09-04,delivered,m1072
C0000477,cliente477_0@exemplo.com,2026-07-27,bounce_hard,m1151
C0000375,cliente375_0@exemplo.com,2026-09-16,delivered,m920
C0000255,cliente255_0@exemplo.com,2026-09-14,delivered,m611
C0000264,cliente264_0@exemplo.com,2026-07-28,bounce_hard,m629
C0000011,cliente11_1@exemplo.com,2026-09-06,delivered,m17
C0000152,cliente152_0@exemplo.com,2026-09-07,bounce_hard,m348
C0000076,cliente76_0@exemplo.com,2026-08-24,delivered,m173
C0000439,cliente439_1@exemplo.com,2026-08-06,bounce_hard,m1063
C0000380,cliente380_0@exemplo.com,2026-08-03,delivered,m940
C0000137,cliente137_0@exemplo.com,2026-08-10,delivered,m298
C0000445,cliente445_0@exemplo.com,2026-07-27,bounce_hard,m1081
C0000294,CLIENTE294_0@EXEMPLO.COM,2026-09-21,delivered,m721
C0000339,cliente339_0@exemplo.com,2026-08-03,delivered,m811
C0000217,cliente217_0@exemplo.com,2026-08-28,bounce_hard,m503
C0000348,cliente348_1@exemplo.com,2026-09-17,delivered,m842
C0000315,cliente315_1@exemplo.com,2026-08-21,delivered,m761
C0000037,cliente37_1@exemplo.com,2026-09-09,bounce_hard,m64
C0000126,cliente126_1@exemplo.com,2026-08-29,bounce_hard,m276
C0000197,cliente197_0@exemplo.com,2026-09-12,delivered,m464
C0000259,cliente259_0@exemplo.com,2026-08-10,delivered,m617
C0000350,cliente350_0@exemplo.com,2026-09-05,delivered,m851
C0000329,cliente329_0@exemplo.com,2026-08-27,bounce_hard,m794
C0000283,cliente283_0@exemplo.com,2026-09-19,delivered,m673
C0000483,cliente483_1@exemplo.com,2026-08-31,delivered,m1174
C0000412,cliente412_0@exemplo.com,2026-07-31,delivered,m1002
C0000329,cliente329_0@exemplo.com,2026-09-19,bounce_hard,m792
C0000245,cliente245_0@exemplo.com,2026-09-12,bounce_hard,m590
C0000325,cliente325_1@exemplo.com,2026-08-09,open,m781
C0000232,cliente232_0@exemplo.com,2026-09-13,bounce_hard,m544
C0000087,cliente87_0@exemplo.com,2026-08-07,delivered,m215
C0000104,CLIENTE104_0@EXEMPLO.COM,2026-08-03,delivered,m245
C0000399,cliente399_1@exemplo.com,2026-08-26,bounce_hard,m977
C0000136,cliente136_1@exemplo.com,2026-08-07,open,m295
C0000400,cliente400_0@exemplo.com,2026-08-07,delivered,m983
C0000485,cliente485_0@exemplo.com,2026-08-03,delivered,m1178
C0000037,cliente37_1@exemplo.com,2026-08-05,bounce_hard,m65
C0000108,cliente108_1@exemplo.com,2026-08-23,delivered,m256
C0000199,CLIENTE199_1@EXEMPLO.COM,2026-09-03,delivered,m469
C0000141,cliente141_1@exemplo.com,2026-08-02,bounce_hard,m310
C0000282,cliente282_1@exemplo.com,2026-09-20,bounce_hard,m670
C0000282,cliente282_0@exemplo.com,2026-09-04,delivered,m669
C0000473,cliente473_0@exemplo.com,2026-09-19,delivered,m1144
C0000370,cliente370_0@exemplo.com,2026-08-31,bounce_hard,m899
C0000004,cliente4_0@exemplo.com,2026-09-07,bounce_hard,m8
C0000065,CLIENTE65_0@EXEMPLO.COM,2026-07-31,bounce_hard,m133
C0000046,cliente46_1@exemplo.com,2026-08-18,delivered,m82
C0000483,cliente483_0@exemplo.com,2026-07-28,bounce_hard,m1172
C0000206,cliente206_1@exemplo.com,2026-08-13,delivered,m485
C0000066,cliente66_1@exemplo.com,2026-09-17,bounce_hard,m137
C0000068,CLIENTE68_1@EXEMPLO.COM,2026-08-01,bounce_hard,m147
C0000459,cliente459_1@exemplo.com,2026-09-21,bounce_hard,m1115
C0000153,CLIENTE153_0@EXEMPLO.COM,2026-09-08,bounce_hard,m357
C0000240,cliente240_1@exemplo.com,2026-08-28,bounce_hard,m573
C0000293,cliente293_0@exemplo.com,2026-09-13,bounce_hard,m716
C0000189,cliente189_1@exemplo.com,2026-08-13,bounce_hard,m444
C0000277,cliente277_0@exemplo.com,2026-09-13,bounce_hard,m654
C0000349,CLIENTE349_0@EXEMPLO.COM,2026-09-23,delivered,m847
C0000221,cliente221_0@exemplo.com,2026-08-19,bounce_hard,m513
C0000274,cliente274_0@exemplo.com,2026-08-18,delivered,m646
C0000099,cliente99_0@exemplo.com,2026-09-12,bounce_hard,m233
C0000096,cliente96_1@exemplo.com,2026-08-30,delivered,m229
C0000371,cliente371_1@exemplo.com,2026-09-02,delivered,m907
C0000235,CLIENTE235_1@EXEMPLO.COM,2026-09-04,delivered,m560
C0000327,CLIENTE327_0@EXEMPLO.COM,2026-08-19,bounce_hard,m784
C0000240,CLIENTE240_1@EXEMPLO.COM,2026-08-22,bounce_hard,m574
C0000161,cliente161_1@exemplo.com,2026-09-20,bounce_hard,m379
C0000434,cliente434_0@exemplo.com,2026-08-09,delivered,m1048
C0000329,cliente329_1@exemplo.com,2026-07-31,delivered,m795
C0000319,cliente319_0@exemplo.com,2026-09-02,delivered,m769
C0000058,cliente58_0@exemplo.com,2026-09-08,bounce_hard,m100
C0000143,cliente143_0@exemplo.com,2026-08-30,bounce_soft,m323
C0000051,cliente51_1@exemplo.com,2026-08-10,click,m94
C0000324,cliente324_0@exemplo.com,2026-08-11,delivered,m773
C0000121,cliente121_1@exemplo.com,2026-08-18,delivered,m270
C0000369,cliente369_0@exemplo.com,2026-07-27,bounce_hard,m897
C0000226,cliente226_0@exemplo.com,2026-09-06,delivered,m524
C0000138,CLIENTE138_0@EXEMPLO.COM,2026-09-08,delivered,m301
C0000058,cliente58_0@exemplo.com,2026-08-14,bounce_hard,m99
C0000308,cliente308_0@exemplo.com,2026-09-18,delivered,m745
,cliente107_0@exemplo.com,2026-09-20,bounce_hard,m250
C0000165,cliente165_0@exemplo.com,2026-08-05,bounce_hard,m388
C0000217,cliente217_0@exemplo.com,2026-09-24,bounce_hard,m505
C0000329,CLIENTE329_1@EXEMPLO.COM,2026-08-07,delivered,m791
C0000166,CLIENTE166_1@EXEMPLO.COM,2026-09-07,bounce_hard,m392
C0000123,cliente123_1@exemplo.com,2026-07-29,delivered,m272
C0000132,cliente132_0@exemplo.com,2026-07-27,open,m289
C0000246,CLIENTE246_1@EXEMPLO.COM,2026-09-19,click,m595
C0000249,cliente249_1@exemplo.com,2026-09-12,delivered,m606
C0000006,cliente6_0@exemplo.com,2026-08-08,delivered,m13
C0000281,CLIENTE281_0@EXEMPLO.COM,2026-09-07,bounce_hard,m665
C0000096,cliente96_1@exemplo.com,2026-08-30,delivered,m230
C0000360,cliente360_0@exemplo.com,2026-09-11,delivered,m866
C0000445,cliente445_1@exemplo.com,2026-08-09,bounce_soft,m1082
C0000446,cliente446_0@exemplo.com,2026-08-03,delivered,m1091
C0000150,CLIENTE150_0@EXEMPLO.COM,2026-09-18,bounce_hard,m343
C0000079,cliente79_0@exemplo.com,2026-07-28,bounce_hard,m185
C0000073,cliente73_0@exemplo.com,2026-08-31,bounce_hard,m162
C0000023,cliente23_0@exemplo.com,2026-09-11,bounce_hard,m29
C0000376,cliente376_0@exemplo.com,2026-08-01,delivered,m923
C0000460,cliente460_0@exemplo.com,2026-08-01,bounce_hard,m1123
C0000148,cliente148_0@exemplo.com,2026-08-08,portal_login,m339
C0000430,cliente430_1@exemplo.com,2026-09-21,delivered,m1035
C0000479,cliente479_0@exemplo.com,2026-08-27,bounce_soft,m1159
C0000286,cliente286_1@exemplo.com,2026-09-20,bounce_hard,m674
C0000059,CLIENTE59_0@EXEMPLO.COM,2026-07-27,delivered,m105
C0000357,cliente357_0@exemplo.com,2026-08-01,bounce_hard,m859
C0000024,cliente24_0@exemplo.com,2026-09-14,delivered,m33
C0000161,cliente161_1@exemplo.com,2026-09-11,bounce_hard,m381
C0000478,cliente478_0@exemplo.com,2026-08-31,delivered,m1157
C0000079,cliente79_1@exemplo.com,2026-08-10,delivered,m188
C0000223,cliente223_0@exemplo.com,2026-09-10,delivered,m520
C0000361,cliente361_1@exemplo.com,2026-09-02,open,m869
C0000494,cliente494_0@exemplo.com,2026-09-02,bounce_hard,m1192
C0000325,cliente325_1@exemplo.com,2026-08-27,delivered,m778
C0000427,cliente427_0@exemplo.com,2026-09-09,delivered,m1028
C0000176,cliente176_0@exemplo.com,2026-08-24,bounce_hard,m407
C0000139,cliente139_1@exemplo.com,2026-09-13,bounce_hard,m307
C0000030,CLIENTE30_1@EXEMPLO.COM,2026-09-11,bounce_hard,m49
C0000235,cliente235_1@exemplo.com,2026-08-11,delivered,m559
C0000459,cliente459_1@exemplo.com,2026-08-03,bounce_hard,m1117
C0000111,cliente111_0@exemplo.com,2026-08-10,bounce_hard,m258
C0000217,cliente217_1@exemplo.com,2026-09-18,delivered,m506
C0000219,cliente219_0@exemplo.com,2026-09-12,click,m512
C0000479,cliente479_0@exemplo.com,2026-08-17,open,m1158
C0000165,cliente165_1@exemplo.com,2026-09-19,open,m387
C0000372,cliente372_1@exemplo.com,2026-09-24,portal_login,m914
C0000497,cliente497_0@exemplo.com,2026-07-31,bounce_hard,m1196
C0000075,cliente75_0@exemplo.com,2026-09-17,bounce_hard,m170
C0000341,CLIENTE341_0@EXEMPLO.COM,2026-09-08,delivered,m819
C0000003,cliente3_1@exemplo.com,2026-09-12,delivered,m3
C0000329,cliente329_0@exemplo.com,2026-08-03,bounce_hard,m796
C0000465,CLIENTE465_0@EXEMPLO.COM,2026-09-18,deferred,m1134
C0000180,cliente180_1@exemplo.com,2026-08-20,bounce_hard,m423
C0000426,cliente426_0@exemplo.com,2026-08-02,delivered,m1020
C0000068,cliente68_0@exemplo.com,2026-09-14,delivered,m141
C0000268,cliente268_0@exemplo.com,2026-09-14,bounce_soft,m632
C0000143,cliente143_0@exemplo.com,2026-08-25,delivered,m321
C0000003,cliente3_1@exemplo.com,2026-08-03,delivered,m6
C0000023,cliente23_1@exemplo.com,2026-09-17,bounce_hard,m30
C0000162,cliente162_1@exemplo.com,2026-09-12,delivered,m384
C0000485,cliente485_0@exemplo.com,2026-09-15,delivered,m1180
C0000408,cliente408_0@exemplo.com,2026-09-13,open,m998
C0000152,cliente152_0@exemplo.com,2026-08-13,bounce_hard,m346
C0000132,CLIENTE132_0@EXEMPLO.COM,2026-09-08,delivered,m287
C0000183,cliente183_0@exemplo.com,2026-07-29,delivered,m424
C0000441,cliente441_0@exemplo.com,2026-08-14,delivered,m1075
C0000257,cliente257_0@exemplo.com,2026-09-20,delivered,m614
C0000204,CLIENTE204_1@EXEMPLO.COM,2026-08-24,delivered,m476
C0000176,CLIENTE176_0@EXEMPLO.COM,2026-08-07,bounce_hard,m406
C0000324,cliente324_0@exemplo.com,2026-08-11,delivered,m773
C0000161,cliente161_1@exemplo.com,2026-09-16,bounce_hard,m375
C0000179,cliente179_0@exemplo.com,2026-08-08,click,m417
C0000458,CLIENTE458_0@EXEMPLO.COM,2026-08-18,bounce_hard,m1113
C0000297,CLIENTE297_1@EXEMPLO.COM,2026-08-04,bounce_hard,m728
C0000144,cliente144_0@exemplo.com,2026-09-15,bounce_hard,m330
C0000339,cliente339_0@exemplo.com,2026-09-17,open,m815
C0000430,cliente430_0@exemplo.com,2026-08-29,delivered,m1034
C0000218,cliente218_0@exemplo.com,2026-09-21,delivered,m509
C0000145,cliente145_1@exemplo.com,2026-08-19,bounce_hard,m332
C0000418,cliente418_0@exemplo.com,2026-07-27,bounce_hard,m1007
C0000291,cliente291_1@exemplo.com,2026-08-27,bounce_hard,m699
C0000287,cliente287_0@exemplo.com,2026-09-02,delivered,m683
C0000301,cliente301_0@exemplo.com,2026-08-12,bounce_hard,m733
C0000218,cliente218_0@exemplo.com,2026-07-31,delivered,m510
C0000143,cliente143_0@exemplo.com,2026-09-20,delivered,m320
C0000189,cliente189_1@exemplo.com,2026-08-15,bounce_hard,m439
C0000457,cliente457_0@exemplo.com,2026-08-06,delivered,m1108
C0000155,cliente155_0@exemplo.com,2026-08-06,bounce_hard,m363
C0000319,cliente319_0@exemplo.com,2026-08-24,delivered,m768
C0000138,cliente138_0@exemplo.com,2026-08-19,delivered,m300
C0000294,cliente294_0@exemplo.com,2026-08-27,delivered,m724
C0000308,cliente308_1@exemplo.com,2026-08-07,delivered,m738
C0000076,cliente76_1@exemplo.com,2026-08-19,delivered,m180
C0000237,cliente237_0@exemplo.com,2026-08-07,bounce_hard,m569
,cliente329_0@exemplo.com,2026-09-09,bounce_hard,m797
C0000084,cliente84_0@exemplo.com,2026-09-20,delivered,m201
C0000189,cliente189_1@exemplo.com,2026-08-14,bounce_hard,m438
C0000481,cliente481_0@exemplo.com,2026-08-13,bounce_hard,m1166
C0000357,cliente357_1@exemplo.com,2026-08-26,bounce_hard,m860
C0000293,cliente293_0@exemplo.com,2026-08-23,bounce_hard,m718
C0000218,CLIENTE218_0@EXEMPLO.COM,2026-08-10,delivered,m511
C0000139,cliente139_1@exemplo.com,2026-08-05,bounce_hard,m306
C0000326,cliente326_0@exemplo.com,2026-07-29,bounce_hard,m782
C0000003,cliente3_1@exemplo.com,2026-09-12,delivered,m3
C0000142,cliente142_1@exemplo.com,2026-08-07,delivered,m312
C0000439,CLIENTE439_1@EXEMPLO.COM,2026-08-13,bounce_hard,m1064
C0000246,cliente246_0@exemplo.com,2026-08-05,delivered,m598
C0000026,cliente26_1@exemplo.com,2026-09-18,bounce_hard,m34
C0000292,cliente292_1@exemplo.com,2026-09-18,open,m703
C0000146,cliente146_0@exemplo.com,2026-08-05,bounce_hard,m334
C0000481,cliente481_0@exemplo.com,2026-09-23,bounce_hard,m1167
C0000348,cliente348_0@exemplo.com,2026-08-13,bounce_hard,m845
C0000246,cliente246_1@exemplo.com,2026-09-20,delivered,m594
C0000383,cliente383_0@exemplo.com,2026-08-22,bounce_hard,m944
C0000422,cliente422_0@exemplo.com,2026-08-12,bounce_soft,m1012
C0000344,cliente344_0@exemplo.com,2026-08-31,delivered,m828
C0000154,cliente154_0@exemplo.com,2026-08-22,delivered,m359
C0000177,cliente177_1@exemplo.com,2026-08-01,bounce_hard,m408
C0000161,cliente161_1@exemplo.com,2026-08-18,bounce_hard,m377
C0000299,cliente299_0@exemplo.com,2026-08-04,bounce_hard,m731
C0000365,cliente365_0@exemplo.com,2026-08-11,bounce_hard,m879
C0000078,CLIENTE78_1@EXEMPLO.COM,2026-09-02,delivered,m182
C0000240,cliente240_0@exemplo.com,2026-09-10,delivered,m576
C0000153,cliente153_1@exemplo.com,2026-09-10,bounce_hard,m356
C0000364,cliente364_1@exemplo.com,2026-08-27,delivered,m877
C0000399,cliente399_0@exemplo.com,2026-08-20,bounce_hard,m976
C0000478,cliente478_0@exemplo.com,2026-09-01,delivered,m1154
C0000312,cliente312_1@exemplo.com,2026-08-21,open,m753
C0000457,cliente457_0@exemplo.com,2026-09-05,delivered,m1110
,cliente58_1@exemplo.com,2026-09-17,bounce_hard,m102
C0000073,cliente73_1@exemplo.com,2026-09-05,open,m165
C0000187,cliente187_0@exemplo.com,2026-08-07,bounce_hard,m428
C0000476,cliente476_0@exemplo.com,2026-07-30,delivered,m1149
C0000217,cliente217_0@exemplo.com,2026-08-16,bounce_hard,m501
C0000461,cliente461_0@exemplo.com,2026-09-11,delivered,m1126
C0000063,cliente63_1@exemplo.com,2026-08-21,delivered,m121
C0000076,cliente76_0@exemplo.com,2026-08-06,delivered,m179
C0000263,cliente263_0@exemplo.com,2026-08-25,delivered,m626
C0000368,cliente368_0@exemplo.com,2026-09-07,bounce_hard,m893
C0000232,CLIENTE232_0@EXEMPLO.COM,2026-08-05,bounce_hard,m546
C0000192,CLIENTE192_0@EXEMPLO.COM,2026-09-21,delivered,m448
C0000189,cliente189_0@exemplo.com,2026-08-27,delivered,m440
C0000168,cliente168_1@exemplo.com,2026-07-27,bounce_hard,m397
C0000427,cliente427_0@exemplo.com,2026-09-12,delivered,m1026
C0000378,cliente378_1@exemplo.com,2026-09-11,delivered,m934
C0000380,cliente380_1@exemplo.com,2026-08-18,delivered,m937
C0000073,cliente73_1@exemplo.com,2026-08-26,delivered,m163
C0000079,cliente79_1@exemplo.com,2026-08-07,delivered,m186
C0000019,cliente19_0@exemplo.com,2026-09-19,bounce_hard,m24
C0000376,cliente376_1@exemplo.com,2026-09-18,bounce_hard,m925
C0000086,cliente86_0@exemplo.com,2026-08-04,bounce_hard,m213
C0000087,CLIENTE87_0@EXEMPLO.COM,2026-08-08,delivered,m217
C0000368,cliente368_1@exemplo.com,2026-08-18,bounce_hard,m895
C0000188,cliente188_1@exemplo.com,2026-09-04,bounce_hard,m437
C0000370,cliente370_1@exemplo.com,2026-08-27,delivered,m900
C0000217,cliente217_1@exemplo.com,2026-09-18,delivered,m506
C0000312,cliente312_0@exemplo.com,2026-08-26,bounce_hard,m751
C0000444,cliente444_0@exemplo.com,2026-08-04,bounce_hard,m1079
C0000441,cliente441_0@exemplo.com,2026-08-13,delivered,m1073
C0000438,cliente438_0@exemplo.com,2026-08-01,bounce_hard,m1061
C0000089,cliente89_0@exemplo.com,2026-08-03,bounce_hard,m220
C0000189,cliente189_0@exemplo.com,2026-08-09,open,m442
C0000073,cliente73_1@exemplo.com,2026-08-16,delivered,m160
C0000062,cliente62_1@exemplo.com,2026-08-17,delivered,m118
C0000156,cliente156_0@exemplo.com,2026-08-26,delivered,m366
C0000148,cliente148_0@exemplo.com,2026-08-29,delivered,m335
C0000195,cliente195_1@exemplo.com,2026-09-20,open,m459
C0000153,CLIENTE153_1@EXEMPLO.COM,2026-08-07,bounce_hard,m350
C0000255,cliente255_0@exemplo.com,2026-09-18,delivered,m610
C0000076,cliente76_0@exemplo.com,2026-08-04,delivered,m177
C0000365,cliente365_0@exemplo.com,2026-08-17,bounce_hard,m881
C0000367,cliente367_1@exemplo.com,2026-08-24,delivered,m890
C0000071,CLIENTE71_0@EXEMPLO.COM,2026-08-06,delivered,m154
C0000031,cliente31_0@exemplo.com,2026-08-02,delivered,m57
C0000039,CLIENTE39_0@EXEMPLO.COM,2026-08-12,delivered,m70
C0000223,cliente223_1@exemplo.com,2026-07-27,delivered,m521
C0000065,cliente65_0@exemplo.com,2026-08-27,bounce_hard,m135
C0000213,cliente213_0@exemplo.com,2026-09-16,bounce_hard,m499
C0000279,cliente279_0@exemplo.com,2026-09-18,bounce_hard,m656
C0000100,cliente100_1@exemplo.com,2026-08-27,delivered,m236
C0000355,cliente355_0@exemplo.com,2026-08-20,bounce_hard,m856
C0000308,cliente308_1@exemplo.com,2026-08-05,delivered,m741
C0000462,cliente462_0@exemplo.com,2026-09-20,delivered,m1131
C0000129,cliente129_1@exemplo.com,2026-09-06,delivered,m281
C0000337,cliente337_0@exemplo.com,2026-08-23,bounce_hard,m808
C0000396,cliente396_1@exemplo.com,2026-07-28,bounce_soft,m964
C0000447,cliente447_0@exemplo.com,2026-08-31,delivered,m1096
C0000087,cliente87_0@exemplo.com,2026-08-13,delivered,m214
C0000021,cliente21_1@exemplo.com,2026-08-25,delivered,m27
C0000046,CLIENTE46_0@EXEMPLO.COM,2026-08-11,delivered,m77
C0000244,CLIENTE244_0@EXEMPLO.COM,2026-08-03,bounce_hard,m588
C0000400,cliente400_0@exemplo.com,2026-07-29,delivered,m981
C0000232,cliente232_0@exemplo.com,2026-08-04,bounce_hard,m543
C0000257,cliente257_1@exemplo.com,2026-08-11,bounce_soft,m612
C0000272,cliente272_0@exemplo.com,2026-08-17,delivered,m643
C0000317,cliente317_1@exemplo.com,2026-09-06,bounce_hard,m767
C0000111,cliente111_0@exemplo.com,2026-08-10,bounce_hard,m258
C0000153,cliente153_0@exemplo.com,2026-07-27,bounce_hard,m353
C0000387,cliente387_0@exemplo.com,2026-08-28,delivered,m950
C0000031,CLIENTE31_0@EXEMPLO.COM,2026-08-23,delivered,m56
C0000263,cliente263_1@exemplo.com,2026-08-17,bounce_hard,m627
C0000349,cliente349_0@exemplo.com,2026-09-24,delivered,m848
C0000148,cliente148_0@exemplo.com,2026-09-11,delivered,m337
C0000459,cliente459_1@exemplo.com,2026-09-16,bounce_hard,m1114
C0000378,cliente378_0@exemplo.com,2026-08-24,bounce_soft,m933
C0000281,cliente281_0@exemplo.com,2026-09-10,bounce_hard,m668
C0000308,cliente308_1@exemplo.com,2026-07-31,delivered,m740
C0000059,cliente59_0@exemplo.com,2026-09-04,delivered,m106
C0000481,cliente481_0@exemplo.com,2026-09-20,bounce_hard,m1165
C0000066,cliente66_0@exemplo.com,2026-09-12,delivered,m138
C0000402,cliente402_0@exemplo.com,2026-09-16,bounce_hard,m986
C0000380,CLIENTE380_0@EXEMPLO.COM,2026-09-19,delivered,m938
C0000010,cliente10_0@exemplo.com,2026-08-23,click,m15
C0000204,cliente204_1@exemplo.com,2026-09-06,delivered,m478
C0000235,cliente235_0@exemplo.com,2026-09-24,delivered,m563
C0000292,cliente292_1@exemplo.com,2026-09-08,delivered,m708
C0000311,cliente311_1@exemplo.com,2026-09-23,delivered,m746
C0000449,CLIENTE449_0@EXEMPLO.COM,2026-08-25,delivered,m1099
C0000161,cliente161_0@exemplo.com,2026-09-13,bounce_hard,m376
C0000372,cliente372_1@exemplo.com,2026-08-18,delivered,m911
C0000127,cliente127_0@exemplo.com,2026-08-18,bounce_hard,m278
C0000195,cliente195_0@exemplo.com,2026-08-30,bounce_hard,m458
C0000003,cliente3_1@exemplo.com,2026-08-13,delivered,m5
C0000068,cliente68_1@exemplo.com,2026-08-07,bounce_hard,m145
C0000252,CLIENTE252_1@EXEMPLO.COM,2026-08-07,bounce_hard,m609
C0000438,cliente438_0@exemplo.com,2026-09-14,bounce_hard,m1058
C0000342,cliente342_0@exemplo.com,2026-09-07,delivered,m824
C0000236,cliente236_0@exemplo.com,2026-08-09,bounce_hard,m564
C0000143,cliente143_0@exemplo.com,2026-08-31,delivered,m316
C0000329,cliente329_0@exemplo.com,2026-08-15,bounce_hard,m793
C0000450,cliente450_0@exemplo.com,2026-08-18,delivered,m1101
C0000384,cliente384_0@exemplo.com,2026-09-24,delivered,m947
C0000290,cliente290_0@exemplo.com,2026-08-19,delivered,m695
C0000158,cliente158_0@exemplo.com,2026-08-24,bounce_hard,m373
C0000344,cliente344_0@exemplo.com,2026-08-21,delivered,m832
C0000293,cliente293_0@exemplo.com,2026-09-12,bounce_hard,m710
C0000293,cliente293_0@exemplo.com,2026-08-29,bounce_hard,m717
C0000275,cliente275_1@exemplo.com,2026-09-08,bounce_hard,m650
C0000062,cliente62_1@exemplo.com,2026-08-06,bounce_soft,m115
C0000396,cliente396_1@exemplo.com,2026-09-07,delivered,m967
C0000003,cliente3_0@exemplo.com,2026-08-20,bounce_hard,m2
C0000042,cliente42_0@exemplo.com,2026-08-28,open,m76
C0000441,cliente441_0@exemplo.com,2026-09-08,delivered,m1069
C0000079,cliente79_1@exemplo.com,2026-08-11,delivered,m187
C0000490,CLIENTE490_0@EXEMPLO.COM,2026-08-19,bounce_hard,m1190
C0000148,cliente148_0@exemplo.com,2026-08-02,delivered,m340
C0000376,cliente376_1@exemplo.com,2026-08-04,deferred,m927
C0000418,cliente418_0@exemplo.com,2026-08-04,bounce_hard,m1006
C0000426,CLIENTE426_0@EXEMPLO.COM,2026-08-16,delivered,m1022
C0000158,CLIENTE158_0@EXEMPLO.COM,2026-08-31,bounce_hard,m371
C0000398,cliente398_0@exemplo.com,2026-09-13,bounce_hard,m972
C0000365,cliente365_0@exemplo.com,2026-08-17,bounce_hard,m881
C0000076,cliente76_1@exemplo.com,2026-09-08,delivered,m176
C0000294,cliente294_1@exemplo.com,2026-09-08,delivered,m722
C0000245,cliente245_0@exemplo.com,2026-08-07,bounce_hard,m589
C0000365,cliente365_0@exemplo.com,2026-08-06,bounce_hard,m885
C0000367,cliente367_0@exemplo.com,2026-09-11,delivered,m887
C0000378,cliente378_0@exemplo.com,2026-09-01,delivered,m929
C0000428,CLIENTE428_0@EXEMPLO.COM,2026-09-15,bounce_hard,m1029
C0000365,cliente365_0@exemplo.com,2026-08-09,bounce_hard,m880
C0000141,CLIENTE141_1@EXEMPLO.COM,2026-08-23,bounce_hard,m308
C0000293,cliente293_0@exemplo.com,2026-08-20,bounce_hard,m709
C0000434,cliente434_0@exemplo.com,2026-09-17,delivered,m1046
C0000031,cliente31_1@exemplo.com,2026-09-14,delivered,m54
C0000289,CLIENTE289_1@EXEMPLO.COM,2026-08-07,delivered,m686
C0000234,cliente234_0@exemplo.com,2026-09-08,bounce_hard,m554
C0000138,cliente138_1@exemplo.com,2026-08-01,delivered,m303
C0000325,cliente325_1@exemplo.com,2026-09-17,delivered,m780
C0000227,cliente227_0@exemplo.com,2026-08-27,bounce_hard,m530
C0000348,CLIENTE348_0@EXEMPLO.COM,2026-08-15,bounce_hard,m840
C0000144,cliente144_1@exemplo.com,2026-08-06,bounce_soft,m328
C0000168,cliente168_0@exemplo.com,2026-08-17,delivered,m394
C0000195,cliente195_0@exemplo.com,2026-08-07,bounce_hard,m456
C0000079,CLIENTE79_0@EXEMPLO.COM,2026-08-21,bounce_hard,m189
C0000227,cliente227_0@exemplo.com,2026-09-15,bounce_hard,m533
C0000089,cliente89_0@exemplo.com,2026-09-11,bounce_hard,m219
C0000459,cliente459_1@exemplo.com,2026-08-11,bounce_hard,m1116
C0000097,cliente97_1@exemplo.com,2026-08-08,bounce_hard,m232
C0000441,cliente441_0@exemplo.com,2026-08-04,delivered,m1077
C0000308,cliente308_0@exemplo.com,2026-09-18,delivered,m745
C0000488,cliente488_0@exemplo.com,2026-09-01,delivered,m1188
C0000420,cliente420_0@exemplo.com,2026-08-27,delivered,m1009
C0000021,cliente21_0@exemplo.com,2026-09-05,delivered,m26
C0000446,cliente446_0@exemplo.com,2026-09-20,open,m1090
C0000423,cliente423_0@exemplo.com,2026-08-23,delivered,m1018
C0000331,cliente331_1@exemplo.com,2026-08-07,delivered,m801
C0000279,cliente279_0@exemplo.com,2026-09-22,bounce_hard,m655
,cliente245_0@exemplo.com,2026-08-19,bounce_hard,m591
C0000399,cliente399_1@exemplo.com,2026-08-20,bounce_hard,m975
C0000153,cliente153_1@exemplo.com,2026-09-06,bounce_hard,m349
C0000436,CLIENTE436_0@EXEMPLO.COM,2026-08-12,bounce_hard,m1057
C0000107,cliente107_1@exemplo.com,2026-09-19,delivered,m248
C0000267,cliente267_0@exemplo.com,2026-09-16,delivered,m631
C0000407,cliente407_0@exemplo.com,2026-08-11,delivered,m995
C0000406,cliente406_0@exemplo.com,2026-08-18,bounce_hard,m991
C0000068,cliente68_1@exemplo.com,2026-09-13,bounce_hard,m142
C0000210,cliente210_0@exemplo.com,2026-08-22,bounce_hard,m491
C0000327,cliente327_0@exemplo.com,2026-08-18,bounce_hard,m786
C0000161,cliente161_1@exemplo.com,2026-09-08,bounce_hard,m374
C0000395,cliente395_0@exemplo.com,2026-09-19,bounce_hard,m962
C0000475,CLIENTE475_0@EXEMPLO.COM,2026-08-02,delivered,m1148
C0000081,CLIENTE81_0@EXEMPLO.COM,2026-08-18,bounce_hard,m196
C0000282,cliente282_0@exemplo.com,2026-09-04,delivered,m671
C0000021,cliente21_1@exemplo.com,2026-08-25,delivered,m25
C0000280,cliente280_1@exemplo.com,2026-08-07,bounce_hard,m659
C0000257,CLIENTE257_0@EXEMPLO.COM,2026-08-29,click,m616
C0000030,cliente30_0@exemplo.com,2026-09-08,delivered,m46
C0000263,cliente263_1@exemplo.com,2026-09-24,bounce_hard,m622
C0000006,cliente6_0@exemplo.com,2026-08-26,delivered,m11
C0000204,cliente204_0@exemplo.com,2026-08-10,delivered,m480
C0000121,cliente121_0@exemplo.com,2026-07-31,bounce_hard,m268
C0000046,cliente46_1@exemplo.com,2026-08-13,delivered,m78
C0000445,cliente445_0@exemplo.com,2026-08-27,bounce_hard,m1084
C0000153,cliente153_0@exemplo.com,2026-07-28,bounce_hard,m354
C0000275,cliente275_0@exemplo.com,2026-07-30,delivered,m649
C0000206,cliente206_1@exemplo.com,2026-09-17,delivered,m487
C0000042,cliente42_0@exemplo.com,2026-09-08,delivered,m73
C0000096,CLIENTE96_1@EXEMPLO.COM,2026-08-20,delivered,m231
C0000447,cliente447_0@exemplo.com,2026-08-30,delivered,m1094
C0000070,cliente70_1@exemplo.com,2026-09-07,delivered,m148
C0000476,cliente476_0@exemplo.com,2026-09-18,delivered,m1150
C0000121,cliente121_0@exemplo.com,2026-08-07,bounce_hard,m269
C0000294,cliente294_0@exemplo.com,2026-08-19,delivered,m720
C0000222,cliente222_0@exemplo.com,2026-08-17,bounce_hard,m515
C0000499,cliente499_0@exemplo.com,2026-08-10,bounce_hard,m1199
C0000073,CLIENTE73_0@EXEMPLO.COM,2026-08-01,bounce_hard,m161
C0000287,cliente287_0@exemplo.com,2026-09-02,delivered,m680
C0000418,cliente418_0@exemplo.com,2026-07-27,bounce_hard,m1007
C0000344,cliente344_0@exemplo.com,2026-09-23,open,m827
C0000450,cliente450_0@exemplo.com,2026-09-21,delivered,m1102
C0000075,cliente75_1@exemplo.com,2026-09-20,delivered,m167
C0000235,cliente235_1@exemplo.com,2026-08-11,delivered,m559
C0000294,cliente294_1@exemplo.com,2026-09-23,delivered,m719
C0000439,cliente439_0@exemplo.com,2026-09-22,delivered,m1065
C0000252,cliente252_1@exemplo.com,2026-09-01,bounce_hard,m607
C0000108,cliente108_0@exemplo.com,2026-09-21,delivered,m255
C0000438,cliente438_0@exemplo.com,2026-08-30,bounce_hard,m1060
C0000473,cliente473_0@exemplo.com,2026-09-19,delivered,m1145
C0000079,cliente79_0@exemplo.com,2026-08-30,bounce_hard,m190
C0000494,cliente494_0@exemplo.com,2026-08-06,bounce_hard,m1193
C0000197,cliente197_0@exemplo.com,2026-09-22,delivered,m463
C0000331,cliente331_1@exemplo.com,2026-09-08,delivered,m800
C0000396,cliente396_0@exemplo.com,2026-08-01,delivered,m965
C0000137,cliente137_0@exemplo.com,2026-09-11,delivered,m299
C0000154,cliente154_0@exemplo.com,2026-08-13,delivered,m358
C0000081,cliente81_0@exemplo.com,2026-08-25,bounce_hard,m194
C0000290,cliente290_1@exemplo.com,2026-08-01,delivered,m698
C0000282,CLIENTE282_0@EXEMPLO.COM,2026-09-13,delivered,m672
C0000260,cliente260_1@exemplo.com,2026-08-12,delivered,m621
C0000042,cliente42_1@exemplo.com,2026-09-05,delivered,m72
C0000376,cliente376_1@exemplo.com,2026-09-17,bounce_hard,m926
C0000038,cliente38_0@exemplo.com,2026-09-08,delivered,m66
C0000286,cliente286_0@exemplo.com,2026-09-24,delivered,m676
C0000126,cliente126_0@exemplo.com,2026-09-24,bounce_hard,m277
C0000143,cliente143_0@exemplo.com,2026-08-27,delivered,m318
C0000188,CLIENTE188_0@EXEMPLO.COM,2026-09-19,bounce_hard,m434
C0000157,cliente157_0@exemplo.com,2026-08-05,bounce_hard,m367
C0000331,cliente331_1@exemplo.com,2026-09-11,delivered,m802
C0000106,cliente106_0@exemplo.com,2026-08-25,delivered,m246
C0000144,cliente144_0@exemplo.com,2026-09-21,bounce_hard,m325
C0000445,cliente445_1@exemplo.com,2026-08-29,delivered,m1086
C0000445,cliente445_0@exemplo.com,2026-09-20,bounce_hard,m1087
C0000195,cliente195_1@exemplo.com,2026-08-21,delivered,m461
C0000156,cliente156_1@exemplo.com,2026-09-15,delivered,m365
C0000339,cliente339_1@exemplo.com,2026-09-02,bounce_hard,m813
C0000418,CLIENTE418_0@EXEMPLO.COM,2026-09-19,bounce_hard,m1008
C0000357,CLIENTE357_1@EXEMPLO.COM,2026-09-03,bounce_hard,m861
C0000340,cliente340_0@exemplo.com,2026-08-29,delivered,m817
C0000068,cliente68_0@exemplo.com,2026-09-04,delivered,m144
C0000404,cliente404_1@exemplo.com,2026-08-11,delivered,m989
C0000328,cliente328_0@exemplo.com,2026-08-23,delivered,m789
C0000004,CLIENTE4_0@EXEMPLO.COM,2026-09-04,bounce_hard,m7
C0000378,cliente378_1@exemplo.com,2026-08-08,delivered,m932
C0000210,cliente210_0@exemplo.com,2026-09-02,bounce_hard,m492
C0000290,cliente290_1@exemplo.com,2026-09-14,delivered,m697
C0000245,cliente245_0@exemplo.com,2026-08-30,bounce_hard,m592
C0000177,cliente177_0@exemplo.com,2026-08-06,bounce_hard,m409
C0000371,cliente371_1@exemplo.com,2026-08-27,open,m909
C0000106,cliente106_0@exemplo.com,2026-09-03,delivered,m247
C0000237,cliente237_0@exemplo.com,2026-08-12,bounce_hard,m571
C0000234,cliente234_0@exemplo.com,2026-07-30,bounce_hard,m555
C0000381,cliente381_1@exemplo.com,2026-09-20,delivered,m941
C0000104,cliente104_0@exemplo.com,2026-08-27,delivered,m242
C0000367,cliente367_1@exemplo.com,2026-09-18,delivered,m891
C0000477,cliente477_0@exemplo.com,2026-09-21,bounce_hard,m1153
C0000461,cliente461_0@exemplo.com,2026-09-19,delivered,m1124
C0000035,CLIENTE35_0@EXEMPLO.COM,2026-07-29,portal_login,m63
C0000389,CLIENTE389_0@EXEMPLO.COM,2026-07-27,delivered,m952
C0000398,cliente398_0@exemplo.com,2026-09-13,bounce_hard,m971
C0000342,cliente342_0@exemplo.com,2026-08-30,bounce_soft,m822
C0000235,cliente235_0@exemplo.com,2026-09-14,open,m558
C0000021,CLIENTE21_1@EXEMPLO.COM,2026-08-10,delivered,m28
C0000348,cliente348_1@exemplo.com,2026-09-23,delivered,m844
C0000342,cliente342_1@exemplo.com,2026-09-22,delivered,m825
C0000287,cliente287_0@exemplo.com,2026-08-27,delivered,m678
C0000427,cliente427_0@exemplo.com,2026-08-01,delivered,m1025
C0000289,cliente289_0@exemplo.com,2026-08-08,bounce_hard,m692
C0000062,cliente62_0@exemplo.com,2026-09-12,delivered,m117
C0000227,cliente227_1@exemplo.com,2026-09-16,delivered,m534
C0000418,cliente418_0@exemplo.com,2026-09-21,bounce_hard,m1004
C0000447,cliente447_0@exemplo.com,2026-07-29,delivered,m1097
C0000199,cliente199_0@exemplo.com,2026-08-06,bounce_hard,m473
C0000165,cliente165_1@exemplo.com,2026-08-18,delivered,m386
C0000389,cliente389_0@exemplo.com,2026-07-30,delivered,m951
C0000231,cliente231_0@exemplo.com,2026-09-04,bounce_hard,m541
C0000039,cliente39_0@exemplo.com,2026-09-08,delivered,m69
C0000094,cliente94_0@exemplo.com,2026-09-06,bounce_hard,m226
C0000402,cliente402_0@exemplo.com,2026-08-31,bounce_hard,m985
C0000075,cliente75_0@exemplo.com,2026-08-02,bounce_hard,m169
C0000242,cliente242_0@exemplo.com,2026-08-10,bounce_hard,m583
C0000080,cliente80_0@exemplo.com,2026-09-23,bounce_hard,m193
C0000494,cliente494_0@exemplo.com,2026-09-14,bounce_hard,m1194
C0000189,cliente189_1@exemplo.com,2026-07-27,bounce_hard,m445
C0000371,cliente371_0@exemplo.com,2026-09-14,delivered,m906
C0000011,cliente11_0@exemplo.com,2026-08-23,delivered,m18
C0000289,cliente289_0@exemplo.com,2026-08-16,bounce_hard,m687
C0000166,cliente166_1@exemplo.com,2026-09-23,bounce_hard,m393
C0000342,cliente342_1@exemplo.com,2026-08-28,delivered,m821
C0000051,cliente51_1@exemplo.com,2026-09-15,delivered,m95
C0000073,cliente73_0@exemplo.com,2026-09-16,bounce_hard,m164
C0000232,cliente232_1@exemplo.com,2026-08-31,bounce_hard,m545
C0000362,cliente362_0@exemplo.com,2026-08-17,bounce_hard,m872
C0000272,cliente272_0@exemplo.com,2026-09-09,delivered,m641
C0000454,cliente454_0@exemplo.com,2026-08-12,bounce_hard,m1104
C0000411,cliente411_1@exemplo.com,2026-09-05,delivered,m1000
C0000350,cliente350_0@exemplo.com,2026-09-24,open,m852
C0000071,cliente71_0@exemplo.com,2026-08-05,delivered,m156
C0000347,cliente347_0@exemplo.com,2026-07-27,bounce_hard,m838
C0000308,cliente308_1@exemplo.com,2026-08-21,delivered,m737
C0000235,cliente235_0@exemplo.com,2026-08-31,delivered,m561
C0000062,cliente62_1@exemplo.com,2026-09-06,delivered,m114
C0000378,cliente378_1@exemplo.com,2026-09-15,delivered,m930
C0000435,cliente435_1@exemplo.com,2026-08-04,open,m1053
C0000204,cliente204_1@exemplo.com,2026-09-16,delivered,m479
C0000243,cliente243_0@exemplo.com,2026-09-09,delivered,m584
C0000179,cliente179_1@exemplo.com,2026-08-29,delivered,m418
C0000170,CLIENTE170_1@EXEMPLO.COM,2026-09-14,bounce_hard,m399
C0000407,cliente407_0@exemplo.com,2026-07-29,open,m992
C0000473,cliente473_0@exemplo.com,2026-09-09,delivered,m1139
C0000480,CLIENTE480_0@EXEMPLO.COM,2026-08-09,bounce_hard,m1162
C0000435,cliente435_0@exemplo.com,2026-08-27,delivered,m1051
C0000213,cliente213_1@exemplo.com,2026-09-17,delivered,m498
C0000312,cliente312_0@exemplo.com,2026-09-17,bounce_hard,m750
C0000177,CLIENTE177_1@EXEMPLO.COM,2026-09-16,bounce_hard,m413
C0000058,cliente58_0@exemplo.com,2026-08-15,bounce_hard,m101
C0000231,CLIENTE231_0@EXEMPLO.COM,2026-07-30,bounce_hard,m539
C0000225,cliente225_0@exemplo.com,2026-08-12,bounce_hard,m522
C0000344,cliente344_0@exemplo.com,2026-09-24,bounce_soft,m831
C0000058,cliente58_0@exemplo.com,2026-08-15,bounce_hard,m101
C0000360,cliente360_0@exemplo.com,2026-08-23,delivered,m865
C0000104,cliente104_0@exemplo.com,2026-07-27,delivered,m241
C0000047,cliente47_1@exemplo.com,2026-08-20,delivered,m85
C0000187,CLIENTE187_0@EXEMPLO.COM,2026-08-21,bounce_hard,m427
C0000062,cliente62_1@exemplo.com,2026-08-17,delivered,m118
C0000249,cliente249_0@exemplo.com,2026-09-20,bounce_soft,m604
C0000131,cliente131_0@exemplo.com,2026-09-07,bounce_hard,m283
C0000060,cliente60_1@exemplo.com,2026-08-04,bounce_hard,m109
C0000177,cliente177_1@exemplo.com,2026-08-09,bounce_hard,m410
C0000246,cliente246_0@exemplo.com,2026-08-22,delivered,m596
C0000183,cliente183_0@exemplo.com,2026-08-07,delivered,m425
C0000048,cliente48_0@exemplo.com,2026-08-01,delivered,m87
C0000066,cliente66_1@exemplo.com,2026-08-09,bounce_hard,m136
C0000497,cliente497_0@exemplo.com,2026-08-26,bounce_hard,m1195
C0000349,cliente349_0@exemplo.com,2026-09-04,delivered,m849
C0000264,CLIENTE264_0@EXEMPLO.COM,2026-08-25,bounce_hard,m630
C0000217,CLIENTE217_0@EXEMPLO.COM,2026-08-26,bounce_hard,m504
C0000447,cliente447_0@exemplo.com,2026-07-31,delivered,m1095
C0000172,cliente172_0@exemplo.com,2026-08-20,bounce_hard,m401
C0000462,cliente462_0@exemplo.com,2026-08-01,delivered,m1130
C0000326,cliente326_0@exemplo.com,2026-08-02,bounce_hard,m783
C0000129,CLIENTE129_0@EXEMPLO.COM,2026-08-07,delivered,m280
C0000242,CLIENTE242_0@EXEMPLO.COM,2026-08-26,bounce_hard,m581
C0000459,cliente459_1@exemplo.com,2026-08-20,bounce_hard,m1118
C0000324,cliente324_0@exemplo.com,2026-08-05,delivered,m772
C0000272,cliente272_1@exemplo.com,2026-08-01,delivered,m642
C0000249,cliente249_0@exemplo.com,2026-08-26,delivered,m600
C0000402,cliente402_0@exemplo.com,2026-09-04,bounce_hard,m984
C0000292,CLIENTE292_1@EXEMPLO.COM,2026-09-19,delivered,m707
C0000473,cliente473_0@exemplo.com,2026-08-16,delivered,m1146
C0000223,CLIENTE223_0@EXEMPLO.COM,2026-08-03,delivered,m518
C0000460,cliente460_0@exemplo.com,2026-08-15,bounce_hard,m1122
C0000162,CLIENTE162_1@EXEMPLO.COM,2026-08-24,delivered,m385
C0000430,cliente430_0@exemplo.com,2026-08-22,portal_login,m1033
C0000402,CLIENTE402_0@EXEMPLO.COM,2026-09-08,bounce_hard,m987
C0000211,cliente211_1@exemplo.com,2026-08-25,bounce_hard,m493
C0000112,cliente112_1@exemplo.com,2026-09-02,delivered,m260
C0000457,cliente457_0@exemplo.com,2026-09-12,delivered,m1109
C0000315,cliente315_1@exemplo.com,2026-09-02,delivered,m759
C0000293,cliente293_0@exemplo.com,2026-08-30,bounce_hard,m712
C0000062,cliente62_1@exemplo.com,2026-08-07,deferred,m113
,cliente373_1@exemplo.com,2026-09-22,bounce_hard,m915
C0000372,cliente372_1@exemplo.com,2026-08-07,open,m913
C0000227,cliente227_1@exemplo.com,2026-08-15,delivered,m526
C0000371,cliente371_0@exemplo.com,2026-08-08,delivered,m904
C0000263,CLIENTE263_1@EXEMPLO.COM,2026-09-01,bounce_hard,m623
C0000080,cliente80_0@exemplo.com,2026-08-16,bounce_hard,m192
C0000065,cliente65_0@exemplo.com,2026-07-27,bounce_hard,m132
C0000049,cliente49_1@exemplo.com,2026-08-29,delivered,m92
C0000292,cliente292_1@exemplo.com,2026-09-08,delivered,m708
C0000157,cliente157_0@exemplo.com,2026-09-18,bounce_hard,m368
C0000006,cliente6_0@exemplo.com,2026-08-07,delivered,m9
C0000031,cliente31_0@exemplo.com,2026-08-12,delivered,m59
C0000188,cliente188_1@exemplo.com,2026-09-21,bounce_hard,m432
C0000078,cliente78_1@exemplo.com,2026-09-09,delivered,m181
C0000275,CLIENTE275_0@EXEMPLO.COM,2026-08-12,delivered,m651
C0000136,CLIENTE136_1@EXEMPLO.COM,2026-08-17,delivered,m294
C0000060,cliente60_0@exemplo.com,2026-08-30,bounce_soft,m108
C0000131,cliente131_0@exemplo.com,2026-08-13,bounce_hard,m285
C0000142,cliente142_0@exemplo.com,2026-08-10,delivered,m311
C0000142,cliente142_1@exemplo.com,2026-09-02,delivered,m314
C0000435,cliente435_0@exemplo.com,2026-07-28,delivered,m1052
C0000462,cliente462_0@exemplo.com,2026-08-13,delivered,m1129
C0000426,cliente426_0@exemplo.com,2026-08-04,delivered,m1023
C0000065,cliente65_1@exemplo.com,2026-08-06,delivered,m129
C0000104,cliente104_0@exemplo.com,2026-08-05,delivered,m243
C0000234,cliente234_0@exemplo.com,2026-09-21,bounce_hard,m557
C0000048,cliente48_1@exemplo.com,2026-07-28,delivered,m86
C0000308,cliente308_1@exemplo.com,2026-08-07,delivered,m743
C0000086,cliente86_0@exemplo.com,2026-09-17,bounce_hard,m211
C0000347,cliente347_0@exemplo.com,2026-09-10,bounce_hard,m836
C0000240,cliente240_1@exemplo.com,2026-08-06,bounce_hard,m575
C0000198,cliente198_0@exemplo.com,2026-08-31,delivered,m468
C0000152,cliente152_0@exemplo.com,2026-09-07,bounce_hard,m348
C0000465,cliente465_1@exemplo.com,2026-09-16,portal_login,m1136
C0000030,cliente30_1@exemplo.com,2026-08-13,bounce_hard,m48
C0000241,cliente241_0@exemplo.com,2026-08-20,delivered,m580
C0000084,cliente84_0@exemplo.com,2026-08-25,delivered,m202
C0000294,cliente294_0@exemplo.com,2026-08-07,delivered,m725
C0000339,cliente339_0@exemplo.com,2026-09-18,delivered,m810
C0000031,cliente31_1@exemplo.com,2026-09-14,click,m58
C0000001,cliente1_0@exemplo.com,2026-07-31,bounce_hard,m1
C0000329,cliente329_1@exemplo.com,2026-07-31,delivered,m795
C0000279,cliente279_0@exemplo.com,2026-08-14,bounce_hard,m657
C0000411,CLIENTE411_0@EXEMPLO.COM,2026-09-21,open,m1001
C0000371,cliente371_1@exemplo.com,2026-09-14,delivered,m905
C0000378,cliente378_0@exemplo.com,2026-09-16,delivered,m928
C0000058,cliente58_1@exemplo.com,2026-08-24,bounce_hard,m103
C0000204,cliente204_1@exemplo.com,2026-08-18,delivered,m475
C0000325,cliente325_0@exemplo.com,2026-09-02,delivered,m779
C0000365,cliente365_0@exemplo.com,2026-08-17,bounce_hard,m883
C0000483,cliente483_0@exemplo.com,2026-09-16,bounce_hard,m1177
C0000223,cliente223_1@exemplo.com,2026-09-19,delivered,m516
C0000312,cliente312_0@exemplo.com,2026-07-30,bounce_hard,m755
C0000177,cliente177_0@exemplo.com,2026-09-17,bounce_hard,m412
C0000027,cliente27_1@exemplo.com,2026-08-01,delivered,m41
C0000390,cliente390_0@exemplo.com,2026-08-18,delivered,m953
C0000407,CLIENTE407_1@EXEMPLO.COM,2026-08-20,bounce_hard,m994
C0000480,cliente480_0@exemplo.com,2026-08-29,bounce_hard,m1163
C0000315,cliente315_0@exemplo.com,2026-09-18,bounce_hard,m758
C0000030,cliente30_1@exemplo.com,2026-08-21,bounce_hard,m47
C0000268,cliente268_0@exemplo.com,2026-08-19,click,m634
C0000478,CLIENTE478_0@EXEMPLO.COM,2026-09-19,delivered,m1155
C0000229,cliente229_1@exemplo.com,2026-08-08,delivered,m536
C0000423,cliente423_0@exemplo.com,2026-09-15,delivered,m1013
C0000308,cliente308_0@exemplo.com,2026-09-13,delivered,m739
C0000461,CLIENTE461_1@EXEMPLO.COM,2026-08-30,bounce_soft,m1127
C0000134,cliente134_0@exemplo.com,2026-09-09,bounce_hard,m293
C0000272,cliente272_0@exemplo.com,2026-08-31,delivered,m638
C0000138,cliente138_0@exemplo.com,2026-08-18,delivered,m302
C0000329,CLIENTE329_1@EXEMPLO.COM,2026-09-02,delivered,m798
C0000384,cliente384_1@exemplo.com,2026-09-16,delivered,m948
C0000342,cliente342_1@exemplo.com,2026-07-27,delivered,m823
C0000039,cliente39_0@exemplo.com,2026-08-28,delivered,m68
C0000271,cliente271_0@exemplo.com,2026-08-04,delivered,m635
C0000223,cliente223_1@exemplo.com,2026-08-21,delivered,m517
C0000299,cliente299_0@exemplo.com,2026-08-23,bounce_hard,m730
C0000068,cliente68_1@exemplo.com,2026-08-26,bounce_hard,m146
C0000144,cliente144_1@exemplo.com,2026-08-07,delivered,m326
C0000487,cliente487_0@exemplo.com,2026-09-16,bounce_hard,m1182
C0000104,cliente104_0@exemplo.com,2026-09-15,delivered,m244
C0000480,cliente480_0@exemplo.com,2026-08-26,bounce_hard,m1160
C0000272,cliente272_0@exemplo.com,2026-07-28,delivered,m640
C0000076,CLIENTE76_1@EXEMPLO.COM,2026-08-15,delivered,m175
C0000192,cliente192_0@exemplo.com,2026-08-03,bounce_soft,m450
C0000257,cliente257_0@exemplo.com,2026-09-16,delivered,m613
C0000179,cliente179_1@exemplo.com,2026-09-01,bounce_soft,m419
,cliente373_1@exemplo.com,2026-09-22,bounce_hard,m915
C0000107,cliente107_1@exemplo.com,2026-08-09,delivered,m249
C0000237,CLIENTE237_0@EXEMPLO.COM,2026-09-06,bounce_hard,m567
C0000281,cliente281_1@exemplo.com,2026-08-31,click,m667
C0000288,cliente288_0@exemplo.com,2026-09-05,bounce_hard,m684
C0000439,cliente439_0@exemplo.com,2026-07-31,delivered,m1067
C0000141,cliente141_0@exemplo.com,2026-07-31,delivered,m309
C0000001,cliente1_0@exemplo.com,2026-07-31,bounce_hard,m1
C0000483,CLIENTE483_1@EXEMPLO.COM,2026-08-20,delivered,m1176
C0000064,CLIENTE64_0@EXEMPLO.COM,2026-09-08,open,m126
C0000204,CLIENTE204_1@EXEMPLO.COM,2026-09-05,bounce_soft,m483
C0000349,cliente349_0@exemplo.com,2026-07-30,delivered,m846
C0000451,cliente451_0@exemplo.com,2026-09-19,bounce_hard,m1103
C0000231,cliente231_0@exemplo.com,2026-09-11,bounce_hard,m540
C0000118,cliente118_0@exemplo.com,2026-09-01,bounce_hard,m264
C0000362,cliente362_0@exemplo.com,2026-08-25,bounce_hard,m873
C0000289,cliente289_1@exemplo.com,2026-09-03,delivered,m690
C0000439,cliente439_1@exemplo.com,2026-08-27,bounce_hard,m1068
C0000481,cliente481_0@exemplo.com,2026-09-03,bounce_hard,m1164
C0000361,cliente361_0@exemplo.com,2026-08-01,delivered,m871
C0000056,CLIENTE56_0@EXEMPLO.COM,2026-08-25,click,m98
C0000315,cliente315_0@exemplo.com,2026-08-07,bounce_hard,m757
C0000233,cliente233_1@exemplo.com,2026-08-05,delivered,m552
C0000170,cliente170_0@exemplo.com,2026-09-22,delivered,m400
C0000293,cliente293_0@exemplo.com,2026-08-11,bounce_hard,m711
C0000287,cliente287_0@exemplo.com,2026-08-16,deferred,m682
C0000292,cliente292_1@exemplo.com,2026-09-22,delivered,m702
C0000188,cliente188_0@exemplo.com,2026-08-15,bounce_hard,m435
C0000315,cliente315_0@exemplo.com,2026-09-06,bounce_hard,m760
C0000369,CLIENTE369_0@EXEMPLO.COM,2026-08-21,bounce_hard,m896
C0000331,cliente331_1@exemplo.com,2026-08-07,delivered,m801
C0000384,cliente384_0@exemplo.com,2026-09-13,delivered,m946
C0000072,cliente72_0@exemplo.com,2026-09-19,delivered,m158
C0000084,cliente84_0@exemplo.com,2026-08-12,delivered,m199
C0000423,cliente423_0@exemplo.com,2026-08-09,delivered,m1019
C0000429,cliente429_0@exemplo.com,2026-08-30,bounce_hard,m1030
C0000155,cliente155_1@exemplo.com,2026-08-13,delivered,m362
C0000344,cliente344_0@exemplo.com,2026-08-26,delivered,m830
C0000359,cliente359_0@exemplo.com,2026-07-30,bounce_hard,m863
C0000175,cliente175_0@exemplo.com,2026-08-06,delivered,m402
,cliente344_0@exemplo.com,2026-08-13,delivered,m834
C0000410,cliente410_0@exemplo.com,2026-08-11,delivered,m999
C0000197,cliente197_0@exemplo.com,2026-08-15,delivered,m465
C0000233,CLIENTE233_0@EXEMPLO.COM,2026-08-06,bounce_hard,m553
C0000288,cliente288_0@exemplo.com,2026-07-28,bounce_hard,m685
C0000132,cliente132_0@exemplo.com,2026-09-04,delivered,m291
C0000138,cliente138_1@exemplo.com,2026-07-27,portal_login,m304
C0000485,cliente485_0@exemplo.com,2026-09-17,delivered,m1179
C0000333,cliente333_0@exemplo.com,2026-09-16,delivered,m803
C0000378,cliente378_0@exemplo.com,2026-09-16,delivered,m928
C0000308,CLIENTE308_1@EXEMPLO.COM,2026-09-17,delivered,m742
C0000434,CLIENTE434_0@EXEMPLO.COM,2026-08-25,delivered,m1050
C0000217,cliente217_0@exemplo.com,2026-08-30,bounce_hard,m507
C0000348,cliente348_1@exemplo.com,2026-09-10,delivered,m839
C0000390,cliente390_0@exemplo.com,2026-08-17,delivered,m955
C0000387,cliente387_0@exemplo.com,2026-08-01,delivered,m949
C0000089,cliente89_0@exemplo.com,2026-08-31,bounce_hard,m222
C0000488,cliente488_1@exemplo.com,2026-09-19,bounce_hard,m1186
C0000311,cliente311_0@exemplo.com,2026-08-12,bounce_hard,m748
C0000447,cliente447_1@exemplo.com,2026-08-07,delivered,m1098
C0000308,cliente308_1@exemplo.com,2026-08-06,delivered,m736
C0000179,cliente179_1@exemplo.com,2026-09-07,delivered,m416
C0000268,cliente268_0@exemplo.com,2026-09-17,delivered,m633
C0000189,cliente189_1@exemplo.com,2026-08-07,bounce_hard,m443
C0000434,cliente434_0@exemplo.com,2026-09-07,delivered,m1049
C0000408,cliente408_0@exemplo.com,2026-09-09,delivered,m996
C0000364,cliente364_0@exemplo.com,2026-09-06,bounce_hard,m876
C0000139,cliente139_0@exemplo.com,2026-09-20,bounce_hard,m305
C0000187,cliente187_0@exemplo.com,2026-08-23,bounce_hard,m431
C0000104,CLIENTE104_0@EXEMPLO.COM,2026-09-04,delivered,m238
C0000166,cliente166_1@exemplo.com,2026-08-08,bounce_hard,m389
C0000162,cliente162_1@exemplo.com,2026-09-04,delivered,m382
C0000441,CLIENTE441_0@EXEMPLO.COM,2026-09-20,delivered,m1071
C0000431,cliente431_1@exemplo.com,2026-09-12,open,m1039
C0000144,CLIENTE144_1@EXEMPLO.COM,2026-09-20,delivered,m329
C0000280,cliente280_1@exemplo.com,2026-09-15,bounce_hard,m660
C0000287,cliente287_0@exemplo.com,2026-08-07,delivered,m677
C0000431,cliente431_0@exemplo.com,2026-08-13,delivered,m1044
C0000192,cliente192_0@exemplo.com,2026-09-12,delivered,m447
C0000062,cliente62_0@exemplo.com,2026-09-04,delivered,m116
C0000347,cliente347_0@exemplo.com,2026-08-27,bounce_hard,m837
C0000175,cliente175_0@exemplo.com,2026-09-07,delivered,m403
C0000333,cliente333_0@exemplo.com,2026-09-14,delivered,m804
C0000294,cliente294_0@exemplo.com,2026-08-03,delivered,m723
C0000065,cliente65_1@exemplo.com,2026-07-27,delivered,m127
C0000297,cliente297_1@exemplo.com,2026-08-29,bounce_hard,m729
C0000121,CLIENTE121_1@EXEMPLO.COM,2026-09-11,delivered,m266
C0000227,cliente227_0@exemplo.com,2026-09-23,bounce_hard,m529
C0000078,cliente78_1@exemplo.com,2026-09-04,delivered,m183
C0000249,cliente249_1@exemplo.com,2026-08-29,delivered,m603
