ID_CLIENTE;MSISDN;DATA_HORA;EVENTO;ID;TARIFA
C0000028;5511964707061;17/08/2026 18:09;ENTREGUE;R40;0,12
C0000159;5511958465780;10/09/2026 12:54;ENTREGUE;R185;0,12
C0000403;5511946613462;03/09/2026 12:25;ENTREGUE;R490;0,12
C0000440;5511976305077;30/07/2026 13:43;ENTREGUE;R541;0,12
C0000005;5511916323852;31/08/2026 10:30;ENTREGUE;R10;0,12
C0000036;5511981259135;08/08/2026 17:29;ENTREGUE;R46;0,12
C0000241;5511939917031;31/07/2026 11:30;ENTREGUE;R305;0,12
C0000327;5511989932574;31/07/2026 11:38;ENTREGUE;R398;0,12
C0000082;5511977378254;03/08/2026 18:34;ENTREGUE;R105;0,12
C0000456;5511964888712;01/08/2026 13:59;ENTREGUE;R557;0,12
C0000198;5511990535106;14/09/2026 18:24;ENTREGUE;R241;0,12
C0000386;5511985982862;07/08/2026 09:37;ENTREGUE;R472;0,12
C0000310;5511965548633;31/07/2026 08:55;FALHA_ENTREGA;R382;0,12
C0000196;5511996888739;08/09/2026 08:28;ENTREGUE;R236;0,12
C0000398;5511959611937;22/08/2026 17:00;ENTREGUE;R485;0,12
C0000236;5511924607269;21/09/2026 18:05;ENTREGUE;R296;0,12
C0000172;5511972014395;31/08/2026 08:49;FALHA_ENTREGA;R198;0,12
C0000270;5511971852177;07/09/2026 11:16;ENTREGUE;R339;0,12
C0000194;5511977796914;13/09/2026 15:20;ENTREGUE;R233;0,12
C0000214;5511964126921;16/09/2026 14:09;ENTREGUE;R272;0,12
C0000292;5511928536762;10/08/2026 12:50;ENTREGUE;R362;0,12
C0000375;5511949002238;16/09/2026 19:15;ENTREGUE;R452;0,12
C0000309;5511994088862;10/08/2026 16:44;ENTREGUE;R379;0,12
C0000039;5511980138498;04/08/2026 08:36;ID_CONFIRMADA;R50;0,12
C0000304;5511980994013;30/07/2026 13:54;ENTREGUE;R373;0,12
C0000326;5511924971907;30/08/2026 18:56;ENTREGUE;R396;0,12
C0000096;5511920901547;26/08/2026 19:19;ENTREGUE;R126;0,12
C0000013;5511984593961;09/09/2026 12:23;ENTREGUE;R25;0,12
C0000452;5511928420515;04/09/2026 09:37;ENTREGUE;R553;0,12
C0000043;5511946173157;04/08/2026 10:31;ENTREGUE;R57;0,12
C0000046;5511974759996;05/08/2026 15:00;ENTREGUE;R63;0,12
C0000488;5511963929804;01/09/2026 18:08;ENTREGUE;R600;0,12
C0000073;5511956892354;27/07/2026 15:33;ENTREGUE;R92;0,12
C0000445;5511969313284;29/08/2026 18:34;ENTREGUE;R549;0,12
C0000015;5511950264926;18/09/2026 16:28;ENTREGUE;R29;0,12
C0000163;5511987396877;23/08/2026 09:20;ENTREGUE;R190;0,12
C0000063;5511918163847;16/08/2026 09:21;ENTREGUE;R82;0,12
C0000131;5511988790652;30/07/2026 19:03;FALHA_ENTREGA;R161;0,12
C0000250;5511992405066;05/09/2026 18:10;ENTREGUE;R316;0,12
C0000055;5511949613214;31/07/2026 19:35;REVOGADO;R77;0,12
C0000007;5511950056581;07/09/2026 17:12;ENTREGUE;R13;0,12
C0000245;5511991270313;16/08/2026 08:19;FALHA_ENTREGA;R310;0,12
C0000041;5511996924061;30/08/2026 08:24;FALHA_ENTREGA;R55;0,12
C0000012;5511969476001;17/08/2026 09:42;ENTREGUE;R23;0,12
C0000408;5511949017499;19/09/2026 19:55;ENTREGUE;R501;0,12
C0000425;5511929670044;27/08/2026 18:05;ENTREGUE;R517;0,12
C0000047;5511950071487;11/08/2026 08:39;ENTREGUE;R65;0,12
C0000048;5511914968688;07/08/2026 12:26;ENTREGUE;R69;0,12
C0000054;5511914478111;01/09/2026 14:19;ENTREGUE;R74;0,12
C0000450;5511915662934;25/08/2026 19:27;ENTREGUE;R551;0,12
C0000253;5511977946127;13/09/2026 16:04;ENTREGUE;R319;0,12
C0000090;5511964520614;04/09/2026 14:04;ENTREGUE;R119;0,12
C0000229;5511966936428;29/08/2026 16:11;ENTREGUE;R291;0,12
C0000103;5511954018830;07/08/2026 14:36;ENTREGUE;R133;0,12
C0000311;5511980280155;05/08/2026 10:45;ENTREGUE;R385;0,12
C0000353;5511953011925;22/08/2026 19:57;ENTREGUE;R431;0,12
C0000487;5511960421010;28/07/2026 18:50;ENTREGUE;R598;0,12
C0000033;5511950477742;28/07/2026 10:12;ENTREGUE;R45;0,12
C0000362;5511969622247;08/08/2026 17:06;REVOGADO;R442;0,12
C0000202;5511994695784;22/08/2026 11:42;ENTREGUE;R245;0,12
C0000085;5511999170406;01/08/2026 18:35;ENTREGUE;R112;0,12
C0000113;5511974082804;22/09/2026 18:26;ID_CONFIRMADA;R141;0,12
C0000268;5511930421134;30/08/2026 16:59;ENTREGUE;R336;0,12
C0000218;5511994992096;07/09/2026 11:27;ENTREGUE;R276;0,12
C0000097;5511972336371;16/08/2026 10:51;ENTREGUE;R127;0,12
C0000265;5511944870711;10/09/2026 12:39;INTERACAO;R333;0,12
C0000196;5511996888739;14/09/2026 13:10;ENTREGUE;R234;0,12
C0000407;5511985572241;06/08/2026 12:31;ENTREGUE;R499;0,12
C0000243;5511932325960;04/09/2026 11:07;ENTREGUE;R306;0,12
C0000458;5511982897088;17/08/2026 19:51;ENTREGUE;R562;0,12
C0000037;5511958436637;19/08/2026 16:44;ENTREGUE;R49;0,12
C0000064;5511983998961;12/08/2026 15:12;ENTREGUE;R84;0,12
C0000431;5511987786253;14/08/2026 19:25;ENTREGUE;R525;0,12
C0000375;5511959317149;17/08/2026 12:24;ENTREGUE;R451;0,12
C0000007;5511950056581;30/08/2026 12:28;ENTREGUE;R12;0,12
C0000485;5511935754346;25/08/2026 12:14;ENTREGUE;R594;0,12
C0000219;5511933783708;30/08/2026 13:36;ENTREGUE;R277;0,12
C0000466;5511999477179;05/08/2026 15:24;ENTREGUE;R573;0,12
C0000312;5511923838227;01/08/2026 11:42;ENTREGUE;R386;0,12
C0000175;5511958199211;19/08/2026 16:19;ENTREGUE;R205;0,12
C0000485;5511934525524;31/08/2026 19:56;ENTREGUE;R596;0,12
C0000103;5511954018830;08/09/2026 14:48;ENTREGUE;R135;0,12
C0000466;5511939159454;13/08/2026 18:40;ENTREGUE;R574;0,12
C0000263;5511926782572;24/08/2026 09:23;ENTREGUE;R330;0,12
C0000425;5511929670044;11/09/2026 15:26;ENTREGUE;R518;0,12
C0000055;5511932084778;07/09/2026 19:13;ENTREGUE;R78;0,12
C0000332;5511949536330;07/08/2026 14:39;ENTREGUE;R408;0,12
C0000236;5511924607269;02/09/2026 15:48;ENTREGUE;R297;0,12
C0000119;5511983074216;29/08/2026 16:34;ENTREGUE;R147;0,12
C0000417;5511916767531;01/09/2026 12:08;ENTREGUE;R508;0,12
C0000440;5511976305077;08/08/2026 14:21;ENTREGUE;R543;0,12
C0000384;5511922342371;16/08/2026 08:55;ENTREGUE;R465;0,12
C0000245;5511981327320;25/08/2026 08:01;ENTREGUE;R309;0,12
C0000261;5511948199537;27/07/2026 17:41;ENTREGUE;R327;0,12
C0000182;5511919099261;21/09/2026 18:03;ENTREGUE;R219;0,12
C0000245;5511981327320;15/09/2026 17:16;ENTREGUE;R311;0,12
C0000322;5511997025331;25/08/2026 17:36;INTERACAO;R394;0,12
C0000043;5511946173157;01/09/2026 10:23;ENTREGUE;R58;0,12
C0000097;5511972336371;27/08/2026 13:11;ENTREGUE;R128;0,12
C0000043;5511946173157;07/09/2026 14:20;ENTREGUE;R59;0,12
C0000013;5511987736262;05/08/2026 13:44;ENTREGUE;R24;0,12
C0000444;5511955741665;30/08/2026 14:31;ENTREGUE;R548;0,12
C0000387;5511942962076;14/08/2026 13:02;ENTREGUE;R475;0,12
C0000125;5511988387434;08/09/2026 10:37;ENTREGUE;R158;0,12
C0000401;5511945400991;20/09/2026 08:29;ENTREGUE;R487;0,12
C0000473;5511911608113;13/09/2026 19:07;ENTREGUE;R582;0,12
C0000085;5511999170406;05/09/2026 11:23;INTERACAO;R111;0,12
C0000182;5511919099261;18/09/2026 14:56;INTERACAO;R217;0,12
C0000120;5511916533225;27/07/2026 19:50;ENTREGUE;R152;0,12
C0000416;5511955329991;11/09/2026 15:12;ENTREGUE;R507;0,12
C0000281;5511938833029;13/08/2026 18:45;ENTREGUE;R354;0,12
C0000476;5511996979318;13/09/2026 13:19;ENTREGUE;R587;0,12
C0000157;5511989131271;09/08/2026 16:49;ENTREGUE;R181;0,12
C0000076;5511956095437;17/08/2026 16:42;ENTREGUE;R96;0,12
C0000332;5511949536330;07/08/2026 10:20;INTERACAO;R407;0,12
C0000198;5511990535106;29/07/2026 12:20;ENTREGUE;R240;0,12
C0000171;5511929907683;21/08/2026 14:11;ENTREGUE;R196;0,12
C0000109;5511973404979;14/09/2026 15:26;FALHA_ENTREGA;R139;0,12
C0000371;5511915809144;02/09/2026 13:04;ENTREGUE;R445;0,12
C0000345;5511917293304;05/09/2026 14:13;ENTREGUE;R421;0,12
C0000482;5511958508204;05/09/2026 11:30;ENTREGUE;R592;0,12
C0000455;5511973586743;02/09/2026 15:18;ENTREGUE;R556;0,12
C0000099;5511987535841;07/09/2026 18:43;ENTREGUE;R129;0,12
C0000442;5511946780435;06/09/2026 16:02;FALHA_ENTREGA;R545;0,12
C0000238;5511949057246;06/09/2026 17:41;FALHA_ENTREGA;R300;0,12
C0000481;5511936068867;20/09/2026 09:41;ID_CONFIRMADA;R590;0,12
C0000015;5511950264926;19/09/2026 14:49;ENTREGUE;R30;0,12
C0000390;5511939260590;28/08/2026 18:46;FALHA_ENTREGA;R480;0,12
C0000142;5511934756698;16/09/2026 11:04;ENTREGUE;R170;0,12
C0000490;5511936182785;09/08/2026 14:02;ENTREGUE;R603;0,12
C0000082;5511977378254;02/09/2026 10:45;ENTREGUE;R101;0,12
C0000101;5511958657117;29/07/2026 15:43;INTERACAO;R130;0,12
C0000244;5511934412077;31/08/2026 09:23;ENTREGUE;R307;0,12
C0000273;5511981988124;07/08/2026 12:12;INTERACAO;R344;0,12
C0000202;5511917786452;20/08/2026 18:58;FALHA_ENTREGA;R248;0,12
C0000381;5511927206452;19/09/2026 12:24;INTERACAO;R461;0,12
C0000290;5511954770958;21/08/2026 14:45;ENTREGUE;R360;0,12
C0000491;5511924155900;27/07/2026 15:13;ENTREGUE;R604;0,12
C0000223;5511999186817;27/07/2026 17:26;FALHA_ENTREGA;R283;0,12
C0000379;5511960511038;02/08/2026 18:56;ENTREGUE;R457;0,12
C0000082;5511970549373;10/09/2026 19:59;ENTREGUE;R104;0,12
C0000236;5511974418331;04/09/2026 12:01;ENTREGUE;R298;0,12
C0000077;5511994676162;09/09/2026 18:08;INTERACAO;R97;0,12
C0000026;5511999600766;24/08/2026 18:09;INTERACAO;R36;0,12
C0000105;5511952103092;28/08/2026 15:05;ENTREGUE;R136;0,12
C0000115;5511959330907;23/09/2026 18:54;ID_CONFIRMADA;R144;0,12
C0000326;5511924971907;23/08/2026 19:27;ENTREGUE;R397;0,12
C0000285;5511967722445;29/08/2026 17:22;ENTREGUE;R356;0,12
C0000440;5511924890990;07/09/2026 10:59;ENTREGUE;R542;0,12
C0000268;5511911101134;30/07/2026 12:37;ENTREGUE;R335;0,12
C0000307;5511996657974;18/09/2026 11:54;ENTREGUE;R374;0,12
C0000002;5511993016315;25/08/2026 12:40;ENTREGUE;R7;0,12
C0000433;5511977702274;02/08/2026 15:24;ENTREGUE;R531;0,12
C0000307;5511974304823;10/08/2026 13:48;ENTREGUE;R378;0,12
C0000057;5511950559278;16/08/2026 18:49;ENTREGUE;R79;0,12
C0000291;5511998171888;02/09/2026 13:46;FALHA_ENTREGA;R361;0,12
C0000264;5511948141360;31/08/2026 14:05;ENTREGUE;R331;0,12
C0000404;5511924236463;18/08/2026 10:42;ENTREGUE;R491;0,12
C0000273;5511981988124;01/09/2026 10:05;INTERACAO;R345;0,12
C0000371;5511915809144;27/07/2026 09:29;INTERACAO;R444;0,12
C0000087;5511914963880;19/08/2026 18:25;ENTREGUE;R116;0,12
C0000439;5511958025924;20/08/2026 12:15;ENTREGUE;R540;0,12
C0000460;5511960291405;27/07/2026 11:10;ID_CONFIRMADA;R565;0,12
C0000493;5511925583513;17/09/2026 09:33;ENTREGUE;R606;0,12
C0000432;5511932708438;30/07/2026 16:10;FALHA_ENTREGA;R527;0,12
C0000248;5511963345392;15/09/2026 16:36;ENTREGUE;R314;0,12
C0000012;5511982556484;09/08/2026 17:18;ENTREGUE;R21;0,12
C0000482;5511958508204;07/08/2026 16:55;ENTREGUE;R593;0,12
C0000332;5511949536330;26/08/2026 13:10;ENTREGUE;R409;0,12
C0000093;5511976306502;09/08/2026 12:59;ENTREGUE;R123;0,12
C0000434;5511950884443;14/08/2026 13:24;ENTREGUE;R532;0,12
C0000200;5511959886371;03/08/2026 19:53;ENTREGUE;R243;0,12
C0000049;5511955440919;19/08/2026 14:58;ENTREGUE;R70;0,12
C0000180;5511992370625;11/08/2026 13:06;ENTREGUE;R210;0,12
C0000020;5511913326769;03/09/2026 16:40;ENTREGUE;R33;0,12
C0000040;5511984087145;22/08/2026 14:29;ENTREGUE;R52;0,12
C0000176;5511931424479;21/09/2026 18:51;FALHA_ENTREGA;R206;0,12
C0000137;5511975901885;02/08/2026 17:50;ENTREGUE;R166;0,12
C0000245;5511974725282;09/08/2026 16:04;ENTREGUE;R312;0,12
C0000214;5511978038903;18/09/2026 10:34;ENTREGUE;R270;0,12
C0000451;5511948131375;22/09/2026 14:37;INTERACAO;R552;0,12
;5511949536330;20/08/2026 17:43;ENTREGUE;R410;0,12
C0000296;5511991594977;20/08/2026 10:33;ENTREGUE;R364;0,12
C0000300;5511930144703;15/09/2026 13:55;ENTREGUE;R368;0,12
C0000023;5511953779528;21/08/2026 10:20;ID_CONFIRMADA;R35;0,12
C0000087;5511974227366;23/09/2026 10:52;ENTREGUE;R117;0,12
C0000352;5511996996261;17/09/2026 09:51;ENTREGUE;R429;0,12
C0000182;5511919099261;18/08/2026 11:41;ENTREGUE;R216;0,12
C0000045;5511993940940;22/09/2026 10:10;ENTREGUE;R61;0,12
C0000221;5511925489430;07/08/2026 18:30;ENTREGUE;R279;0,12
C0000424;5511994254420;14/09/2026 13:20;ENTREGUE;R516;0,12
C0000203;5511994112495;05/09/2026 12:17;ENTREGUE;R251;0,12
C0000015;5511945650176;09/09/2026 11:50;ENTREGUE;R28;0,12
C0000076;5511956095437;18/09/2026 10:07;ENTREGUE;R95;0,12
C0000307;5511974304823;30/08/2026 12:59;ENTREGUE;R377;0,12
C0000307;5511974304823;03/09/2026 12:49;ENTREGUE;R376;0,12
C0000215;5511984776858;01/09/2026 17:51;ENTREGUE;R273;0,12
C0000480;5511936268523;06/09/2026 12:28;ENTREGUE;R589;0,12
C0000416;5511955329991;17/09/2026 08:27;ENTREGUE;R506;0,12
C0000462;5511922514663;21/08/2026 13:43;ENTREGUE;R569;0,12
C0000474;5511923665188;06/09/2026 12:29;ENTREGUE;R584;0,12
C0000210;5511922475714;01/08/2026 08:55;ENTREGUE;R266;0,12
C0000072;5511942657384;22/08/2026 17:30;ENTREGUE;R90;0,12
C0000271;5511943999060;15/09/2026 15:03;ENTREGUE;R341;0,12
C0000279;5511971568435;15/08/2026 11:39;ENTREGUE;R352;0,12
C0000137;5511975901885;07/08/2026 16:13;ENTREGUE;R165;0,12
C0000230;5511964711545;30/08/2026 13:01;ENTREGUE;R294;0,12
C0000278;5511919447334;09/08/2026 13:51;ENTREGUE;R350;0,12
C0000046;5511974759996;03/09/2026 08:33;ENTREGUE;R64;0,12
C0000431;5511946904845;06/08/2026 08:48;ENTREGUE;R526;0,12
C0000096;5511920901547;12/09/2026 14:08;ID_CONFIRMADA;R125;0,12
C0000114;5511941715995;01/09/2026 13:12;ENTREGUE;R143;0,12
C0000230;5511968119636;05/09/2026 11:24;ENTREGUE;R295;0,12
C0000172;5511984618850;06/08/2026 15:38;ENTREGUE;R201;0,12
C0000227;5511942258945;05/08/2026 12:49;ENTREGUE;R288;0,12
C0000082;5511920952896;04/09/2026 12:06;ENTREGUE;R103;0,12
C0000419;5511942925764;01/09/2026 09:16;ID_CONFIRMADA;R512;0,12
C0000036;5511981259135;29/08/2026 08:40;ENTREGUE;R48;0,12
C0000092;5511952894344;14/09/2026 18:37;ENTREGUE;R122;0,12
C0000226;5511999031246;04/08/2026 16:19;ENTREGUE;R286;0,12
C0000328;5511973918769;05/09/2026 16:46;ENTREGUE;R400;0,12
C0000482;5511999345471;01/09/2026 16:20;ENTREGUE;R591;0,12
C0000376;5511964262755;29/07/2026 15:31;FALHA_ENTREGA;R453;0,12
C0000408;5511929945631;07/09/2026 17:59;ENTREGUE;R502;0,12
C0000085;5511980260907;01/09/2026 11:31;ENTREGUE;R113;0,12
C0000181;5511976596831;23/08/2026 09:23;ENTREGUE;R213;0,12
C0000420;5511913994712;28/07/2026 08:28;ENTREGUE;R514;0,12
C0000425;5511958488507;18/08/2026 08:58;ENTREGUE;R519;0,12
C0000158;5511913600310;02/09/2026 13:39;ENTREGUE;R183;0,12
C0000182;5511919099261;01/08/2026 19:06;ENTREGUE;R218;0,12
C0000418;5511958538289;27/08/2026 17:16;ENTREGUE;R509;0,12
C0000432;5511923332334;15/08/2026 18:22;ENTREGUE;R528;0,12
C0000173;5511969516344;12/09/2026 11:39;ENTREGUE;R203;0,12
C0000495;5511977428032;24/09/2026 17:07;ENTREGUE;R611;0,12
C0000029;5511975529051;09/08/2026 14:27;ENTREGUE;R42;0,12
C0000261;5511975430302;08/09/2026 10:17;ENTREGUE;R326;0,12
C0000009;5511926240908;04/09/2026 11:30;ENTREGUE;R18;0,12
C0000214;5511932200132;12/08/2026 19:33;FALHA_ENTREGA;R271;0,12
C0000055;5511974672520;21/08/2026 12:14;INTERACAO;R76;0,12
C0000054;5511951464269;25/08/2026 17:56;ENTREGUE;R75;0,12
C0000152;5511947342819;31/07/2026 12:14;ENTREGUE;R177;0,12
C0000137;5511975901885;02/08/2026 17:50;ENTREGUE;R166;0,12
C0000122;5511934679818;27/08/2026 12:46;ENTREGUE;R154;0,12
C0000406;5511948243447;05/08/2026 16:56;ENTREGUE;R494;0,12
;5511979552316;31/08/2026 17:17;ENTREGUE;R323;0,12
C0000344;5511982123324;08/09/2026 19:45;ENTREGUE;R420;0,12
C0000309;5511994088862;01/08/2026 15:05;ENTREGUE;R380;0,12
C0000494;5511926952687;01/09/2026 16:47;ENTREGUE;R608;0,12
C0000406;5511930687604;01/09/2026 10:56;REVOGADO;R496;0,12
C0000140;5511972151291;17/09/2026 17:28;ENTREGUE;R168;0,12
C0000259;5511946231955;11/08/2026 15:03;ENTREGUE;R324;0,12
C0000033;5511950477742;12/09/2026 13:13;ENTREGUE;R43;0,12
C0000183;5511987585294;17/08/2026 13:56;ENTREGUE;R222;0,12
C0000264;5511980698159;30/07/2026 17:27;ENTREGUE;R332;0,12
C0000217;5511976091781;04/08/2026 08:30;ID_CONFIRMADA;R274;0,12
C0000192;5511953066216;13/08/2026 18:53;ENTREGUE;R231;0,12
C0000095;5511948124318;30/07/2026 09:30;ENTREGUE;R124;0,12
C0000328;5511981473736;04/08/2026 14:09;ENTREGUE;R401;0,12
C0000392;5511962744287;28/07/2026 19:18;ENTREGUE;R481;0,12
C0000406;5511930687604;08/08/2026 18:31;INTERACAO;R495;0,12
C0000467;5511971995701;19/08/2026 09:30;ENTREGUE;R576;0,12
C0000419;5511942925764;10/08/2026 08:50;INTERACAO;R510;0,12
C0000438;5511926564560;03/08/2026 13:40;ENTREGUE;R539;0,12
C0000189;5511994184877;04/08/2026 17:13;ID_CONFIRMADA;R228;0,12
C0000125;5511929585415;18/09/2026 12:14;FALHA_ENTREGA;R157;0,12
C0000346;5511937140286;15/09/2026 11:49;ENTREGUE;R422;0,12
C0000181;5511920443030;19/08/2026 17:49;ENTREGUE;R215;0,12
C0000389;5511980055957;19/09/2026 13:55;ENTREGUE;R479;0,12
C0000386;5511936930522;02/08/2026 19:00;ENTREGUE;R473;0,12
C0000304;5511980994013;30/07/2026 13:54;ENTREGUE;R373;0,12
C0000358;5511934762712;31/07/2026 09:28;ENTREGUE;R435;0,12
C0000119;5511913051483;03/09/2026 17:40;ENTREGUE;R148;0,12
C0000011;5511957553014;20/09/2026 17:05;ENTREGUE;R19;0,12
C0000372;5511947228730;01/08/2026 10:09;ENTREGUE;R446;0,12
C0000294;5511913516265;14/08/2026 12:02;ENTREGUE;R363;0,12
C0000197;5511979878835;08/08/2026 09:37;ENTREGUE;R239;0,12
C0000209;5511949731424;12/09/2026 12:57;ENTREGUE;R264;0,12
C0000262;5511986723896;09/08/2026 12:00;ENTREGUE;R329;0,12
C0000437;5511910274812;16/08/2026 12:15;ENTREGUE;R535;0,12
C0000258;5511944856447;21/09/2026 15:48;ENTREGUE;R322;0,12
C0000175;5511958199211;19/08/2026 16:19;ENTREGUE;R205;0,12
C0000184;5511914159837;03/09/2026 15:03;ENTREGUE;R223;0,12
C0000491;5511924155900;08/09/2026 11:05;ENTREGUE;R605;0,12
C0000333;5511947216895;02/09/2026 16:56;INTERACAO;R411;0,12
C0000362;5511965782199;31/08/2026 08:26;ENTREGUE;R439;0,12
C0000467;5511971995701;22/08/2026 13:51;ENTREGUE;R575;0,12
C0000317;5511989260394;24/09/2026 10:40;ENTREGUE;R390;0,12
C0000486;5511974142265;19/09/2026 14:00;ENTREGUE;R597;0,12
C0000443;5511940283277;30/08/2026 11:51;ENTREGUE;R546;0,12
C0000314;5511921558774;19/08/2026 13:28;ENTREGUE;R387;0,12
C0000181;5511920443030;18/08/2026 11:13;ENTREGUE;R214;0,12
C0000317;5511983544472;14/09/2026 10:09;ENTREGUE;R391;0,12
C0000382;5511918791292;10/09/2026 08:56;ENTREGUE;R462;0,12
C0000385;5511952057523;31/07/2026 11:42;ENTREGUE;R470;0,12
C0000282;5511986378602;09/08/2026 12:44;ENTREGUE;R355;0,12
C0000171;5511929907683;17/09/2026 11:08;INTERACAO;R197;0,12
C0000003;5511960929647;14/08/2026 17:58;ENTREGUE;R9;0,12
C0000275;5511970315326;03/09/2026 09:07;ENTREGUE;R346;0,12
C0000103;5511954018830;08/09/2026 14:48;ENTREGUE;R135;0,12
C0000406;5511948243447;13/08/2026 16:31;ENTREGUE;R497;0,12
C0000472;5511953309319;07/08/2026 15:15;ENTREGUE;R579;0,12
C0000196;5511996888739;10/09/2026 11:34;ENTREGUE;R235;0,12
C0000140;5511977171380;09/08/2026 10:39;ENTREGUE;R169;0,12
C0000410;5511991074604;12/08/2026 11:04;ENTREGUE;R503;0,12
C0000172;5511984618850;10/08/2026 12:47;ENTREGUE;R199;0,12
C0000088;5511954550177;01/09/2026 14:40;ENTREGUE;R118;0,12
C0000372;5511947228730;02/08/2026 09:13;ENTREGUE;R447;0,12
C0000385;5511952057523;28/08/2026 18:43;ENTREGUE;R468;0,12
C0000476;5511915316025;31/08/2026 13:59;ENTREGUE;R588;0,12
C0000458;5511950194740;09/09/2026 09:49;ENTREGUE;R561;0,12
C0000443;5511940283277;20/08/2026 08:54;ENTREGUE;R547;0,12
C0000240;5511962088975;21/09/2026 10:42;ENTREGUE;R303;0,12
C0000197;5511971605671;04/09/2026 12:41;ENTREGUE;R238;0,12
C0000475;5511926650536;03/09/2026 08:28;ENTREGUE;R585;0,12
C0000330;5511952046364;25/08/2026 09:48;ENTREGUE;R404;0,12
C0000298;5511937102854;05/08/2026 14:56;INTERACAO;R367;0,12
C0000154;5511927705074;03/08/2026 08:45;ENTREGUE;R180;0,12
C0000120;5511942301683;13/08/2026 13:10;INTERACAO;R151;0,12
C0000064;5511970606674;26/08/2026 10:07;ENTREGUE;R85;0,12
C0000006;5511996028436;03/09/2026 14:35;ENTREGUE;R11;0,12
C0000267;5511992304487;10/09/2026 14:16;ENTREGUE;R334;0,12
C0000290;5511954770958;09/08/2026 11:56;ENTREGUE;R359;0,12
C0000388;5511975208604;28/08/2026 11:36;ENTREGUE;R478;0,12
C0000310;5511959873103;05/09/2026 17:35;ENTREGUE;R384;0,12
C0000081;5511917003454;30/07/2026 17:38;ENTREGUE;R100;0,12
C0000341;5511975359668;27/08/2026 12:13;ENTREGUE;R418;0,12
C0000023;5511953779528;21/08/2026 10:20;ID_CONFIRMADA;R35;0,12
C0000178;5511927514010;17/09/2026 10:47;ENTREGUE;R209;0,12
C0000495;5511977428032;27/07/2026 18:33;ENTREGUE;R610;0,12
C0000170;5511930858851;27/08/2026 10:24;ENTREGUE;R195;0,12
C0000183;5511931831387;09/08/2026 14:19;ENTREGUE;R221;0,12
C0000332;5511949536330;07/08/2026 14:39;ENTREGUE;R408;0,12
C0000307;5511996657974;18/09/2026 11:54;ENTREGUE;R374;0,12
C0000178;5511910091737;12/08/2026 17:09;ENTREGUE;R208;0,12
C0000230;5511968119636;13/08/2026 13:16;ENTREGUE;R293;0,12
C0000014;5511919196777;24/08/2026 13:06;ENTREGUE;R27;0,12
C0000493;5511941322048;19/08/2026 10:48;ENTREGUE;R607;0,12
C0000117;5511910404729;11/08/2026 17:56;ENTREGUE;R146;0,12
;5511994328498;13/09/2026 08:08;ENTREGUE;R483;0,12
C0000211;5511986362294;17/09/2026 15:14;ENTREGUE;R268;0,12
C0000456;5511972445215;29/08/2026 14:37;ENTREGUE;R558;0,12
C0000373;5511923245372;22/09/2026 10:01;ENTREGUE;R448;0,12
C0000132;5511941157840;20/08/2026 15:29;ENTREGUE;R162;0,12
C0000147;5511949203644;09/08/2026 08:58;ENTREGUE;R173;0,12
C0000466;5511939159454;31/08/2026 11:09;ENTREGUE;R572;0,12
C0000173;5511969516344;28/07/2026 18:21;ENTREGUE;R202;0,12
C0000150;5511981441519;01/08/2026 13:30;ENTREGUE;R175;0,12
C0000321;5511961212793;26/08/2026 12:43;ENTREGUE;R393;0,12
C0000273;5511981988124;02/08/2026 17:42;ENTREGUE;R343;0,12
C0000407;5511985572241;06/08/2026 12:31;ENTREGUE;R499;0,12
C0000271;5511943999060;31/08/2026 18:10;ENTREGUE;R342;0,12
C0000278;5511941006711;24/09/2026 11:30;ENTREGUE;R351;0,12
;5511940587988;27/07/2026 08:45;ENTREGUE;R6;0,12
C0000361;5511975829146;06/09/2026 09:34;INTERACAO;R438;0,12
C0000362;5511969622247;10/09/2026 09:24;ENTREGUE;R440;0,12
C0000401;5511945400991;20/09/2026 08:29;ENTREGUE;R487;0,12
C0000485;5511935754346;06/09/2026 12:35;ENTREGUE;R595;0,12
C0000084;5511918429833;14/09/2026 18:32;ENTREGUE;R109;0,12
C0000054;5511951464269;25/08/2026 17:56;ENTREGUE;R75;0,12
C0000210;5511925278272;08/08/2026 14:53;ENTREGUE;R267;0,12
C0000460;5511960291405;31/08/2026 17:20;ENTREGUE;R563;0,12
C0000201;5511961226775;09/09/2026 18:04;ENTREGUE;R244;0,12
C0000328;5511925568500;10/08/2026 19:24;FALHA_ENTREGA;R402;0,12
C0000297;5511968995922;26/08/2026 13:33;ENTREGUE;R365;0,12
C0000159;5511958465780;18/09/2026 09:09;ENTREGUE;R187;0,12
C0000190;5511923449152;12/08/2026 19:55;ENTREGUE;R230;0,12
C0000164;5511958852098;03/09/2026 18:29;ENTREGUE;R192;0,12
C0000454;5511999053757;27/08/2026 09:37;ENTREGUE;R555;0,12
C0000023;5511953779528;11/09/2026 17:24;REVOGADO;R34;0,12
C0000012;5511983863413;09/08/2026 11:27;FALHA_ENTREGA;R22;0,12
C0000158;5511913600310;16/09/2026 15:34;ENTREGUE;R184;0,12
C0000073;5511956892354;20/09/2026 12:57;ENTREGUE;R93;0,12
C0000119;5511913051483;16/09/2026 13:36;ENTREGUE;R149;0,12
C0000473;5511911608113;25/08/2026 10:26;ENTREGUE;R583;0,12
C0000160;5511911851322;09/09/2026 09:50;ENTREGUE;R188;0,12
C0000199;5511973852097;18/09/2026 11:35;ENTREGUE;R242;0,12
C0000163;5511987396877;23/08/2026 09:20;ENTREGUE;R190;0,12
C0000438;5511926564560;29/08/2026 08:56;INTERACAO;R537;0,12
C0000009;5511960119651;20/08/2026 10:19;ENTREGUE;R17;0,12
C0000338;5511982016051;07/09/2026 18:32;FALHA_ENTREGA;R417;0,12
C0000253;5511977946127;13/09/2026 16:04;ENTREGUE;R319;0,12
C0000047;5511950071487;18/08/2026 19:16;ENTREGUE;R66;0,12
C0000092;5511919939096;06/08/2026 17:06;ENTREGUE;R121;0,12
C0000029;5511950079111;26/08/2026 15:20;ENTREGUE;R41;0,12
C0000277;5511911756387;06/08/2026 18:23;ENTREGUE;R348;0,12
C0000314;5511921558774;25/08/2026 11:48;ENTREGUE;R388;0,12
C0000257;5511974732147;16/08/2026 12:55;ENTREGUE;R320;0,12
C0000083;5511912550658;18/08/2026 17:08;ENTREGUE;R106;0,12
C0000426;5511969066531;08/09/2026 09:24;ENTREGUE;R521;0,12
C0000310;5511959873103;16/09/2026 13:15;ENTREGUE;R383;0,12
C0000344;5511953751263;12/08/2026 09:53;ENTREGUE;R419;0,12
C0000408;5511949017499;29/07/2026 12:18;ENTREGUE;R500;0,12
C0000444;5511955741665;30/08/2026 14:31;ENTREGUE;R548;0,12
C0000470;5511969590884;24/09/2026 12:11;ENTREGUE;R577;0,12
C0000241;5511939917031;11/09/2026 09:23;ENTREGUE;R304;0,12
C0000466;5511939159454;31/08/2026 11:09;ENTREGUE;R572;0,12
C0000040;5511998641164;07/08/2026 10:32;FALHA_ENTREGA;R53;0,12
C0000421;5511952103461;07/09/2026 14:00;ENTREGUE;R515;0,12
C0000407;5511985572241;10/08/2026 11:24;ENTREGUE;R498;0,12
C0000002;5511993016315;17/08/2026 19:23;ENTREGUE;R8;0,12
C0000387;5511930127592;13/09/2026 09:25;ENTREGUE;R474;0,12
C0000330;5511911137651;22/09/2026 15:32;ENTREGUE;R403;0,12
C0000471;5511955247029;22/08/2026 11:28;ENTREGUE;R578;0,12
C0000434;5511950884443;09/09/2026 16:16;ENTREGUE;R533;0,12
C0000307;5511974304823;11/08/2026 19:01;ENTREGUE;R375;0,12
C0000392;5511969378298;19/09/2026 16:06;ENTREGUE;R482;0,12
C0000002;5511993016315;25/08/2026 19:05;ENTREGUE;R5;0,12
C0000222;5511936830448;24/09/2026 14:43;ENTREGUE;R282;0,12
C0000083;5511912550658;18/08/2026 17:08;ENTREGUE;R106;0,12
C0000184;5511914159837;05/08/2026 18:08;ENTREGUE;R224;0,12
C0000063;5511918163847;17/09/2026 16:33;INTERACAO;R81;0,12
C0000257;5511978603195;19/08/2026 14:55;ENTREGUE;R321;0,12
C0000036;5511983871890;29/08/2026 17:34;INTERACAO;R47;0,12
C0000102;5511984870921;12/09/2026 15:49;ENTREGUE;R131;0,12
C0000203;5511981274148;28/08/2026 14:58;ENTREGUE;R252;0,12
C0000085;5511999170406;14/09/2026 14:57;INTERACAO;R110;0,12
C0000125;5511952980983;29/07/2026 15:29;ENTREGUE;R156;0,12
C0000009;5511926240908;11/09/2026 11:26;ENTREGUE;R16;0,12
C0000304;5511980994013;14/08/2026 18:05;ENTREGUE;R372;0,12
C0000207;5511947944260;17/09/2026 12:05;ENTREGUE;R261;0,12
C0000331;5511990448089;04/08/2026 13:41;ENTREGUE;R406;0,12
C0000086;5511956278607;29/07/2026 10:30;ENTREGUE;R115;0,12
C0000356;5511981157706;07/08/2026 14:00;ENTREGUE;R433;0,12
C0000388;5511921264832;07/08/2026 13:00;ENTREGUE;R477;0,12
C0000457;5511923208247;04/09/2026 15:13;ENTREGUE;R560;0,12
C0000063;5511963904155;03/09/2026 16:40;ENTREGUE;R83;0,12
C0000318;5511933645674;10/09/2026 18:13;ENTREGUE;R392;0,12
C0000083;5511970210270;27/08/2026 18:48;ENTREGUE;R107;0,12
C0000180;5511992370625;30/07/2026 13:10;ENTREGUE;R211;0,12
C0000302;5511954440977;13/09/2026 13:34;ENTREGUE;R370;0,12
C0000426;5511965958370;11/08/2026 09:31;ENTREGUE;R520;0,12
C0000402;5511976425800;18/09/2026 15:30;ENTREGUE;R489;0,12
C0000001;5511910872248;19/09/2026 19:23;ENTREGUE;R2;0,12
C0000302;5511954440977;30/07/2026 14:09;INTERACAO;R371;0,12
C0000041;5511945507920;17/08/2026 16:43;ENTREGUE;R56;0,12
C0000385;5511952057523;03/09/2026 11:36;ENTREGUE;R469;0,12
C0000174;5511929948970;28/08/2026 11:24;FALHA_ENTREGA;R204;0,12
C0000027;5511995585469;21/08/2026 08:49;ENTREGUE;R37;0,12
C0000222;5511949613096;27/08/2026 11:06;ENTREGUE;R280;0,12
C0000226;5511922340723;28/08/2026 08:32;ENTREGUE;R285;0,12
C0000239;5511969890694;23/08/2026 09:41;ENTREGUE;R301;0,12
C0000330;5511952046364;06/08/2026 11:40;ENTREGUE;R405;0,12
C0000147;5511949203644;01/09/2026 09:08;ENTREGUE;R171;0,12
C0000251;5511997915178;25/08/2026 17:03;ENTREGUE;R317;0,12
C0000070;5511933581357;11/09/2026 11:46;ENTREGUE;R89;0,12
C0000209;5511925555976;04/08/2026 10:07;FALHA_ENTREGA;R265;0,12
C0000338;5511919668169;04/08/2026 08:32;FALHA_ENTREGA;R416;0,12
C0000281;5511938833029;13/08/2026 18:45;ENTREGUE;R354;0,12
C0000046;5511971934487;13/09/2026 17:39;ENTREGUE;R62;0,12
C0000460;5511960291405;15/08/2026 10:36;ENTREGUE;R564;0,12
C0000485;5511935754346;25/08/2026 12:14;ENTREGUE;R594;0,12
C0000261;5511948199537;16/09/2026 17:44;ENTREGUE;R328;0,12
C0000181;5511976596831;23/08/2026 09:23;ENTREGUE;R213;0,12
C0000172;5511939835008;02/09/2026 17:50;FALHA_ENTREGA;R200;0,12
C0000356;5511998014684;08/09/2026 11:06;ENTREGUE;R434;0,12
C0000419;5511973574016;31/07/2026 15:02;ENTREGUE;R513;0,12
C0000154;5511927705074;03/08/2026 08:45;ENTREGUE;R180;0,12
C0000074;5511985764804;05/09/2026 15:28;ENTREGUE;R94;0,12
C0000001;5511966722344;05/09/2026 17:47;ENTREGUE;R3;0,12
C0000139;5511957648477;28/08/2026 18:55;ENTREGUE;R167;0,12
C0000105;5511935606639;09/08/2026 08:40;ID_CONFIRMADA;R137;0,12
C0000106;5511933244151;03/08/2026 08:26;ENTREGUE;R138;0,12
C0000464;5511969825080;13/08/2026 08:57;FALHA_ENTREGA;R571;0,12
C0000117;5511970858653;02/08/2026 14:00;FALHA_ENTREGA;R145;0,12
C0000011;5511917270733;04/08/2026 09:36;INTERACAO;R20;0,12
C0000169;5511941778964;28/07/2026 18:46;ENTREGUE;R194;0,12
C0000377;5511978640894;15/08/2026 08:40;ENTREGUE;R454;0,12
C0000047;5511950071487;11/08/2026 08:39;ENTREGUE;R65;0,12
C0000315;5511981603135;08/09/2026 14:17;FALHA_ENTREGA;R389;0,12
C0000077;5511961883769;12/08/2026 12:09;ENTREGUE;R98;0,12
C0000068;5511953537934;08/08/2026 14:08;ENTREGUE;R86;0,12
C0000438;5511926564560;23/09/2026 16:27;ID_CONFIRMADA;R538;0,12
C0000228;5511935838575;03/09/2026 14:11;ENTREGUE;R290;0,12
C0000457;5511923208247;11/08/2026 12:15;ENTREGUE;R559;0,12
C0000219;5511974818030;09/09/2026 15:42;ENTREGUE;R278;0,12
C0000128;5511912300840;14/09/2026 15:44;ENTREGUE;R160;0,12
C0000120;5511942301683;22/08/2026 12:46;ENTREGUE;R150;0,12
;5511973561576;04/09/2026 11:06;ENTREGUE;R226;0,12
C0000488;5511957785434;01/09/2026 19:11;ENTREGUE;R601;0,12
C0000288;5511948119652;11/09/2026 10:35;REVOGADO;R358;0,12
C0000385;5511983492593;13/09/2026 09:40;INTERACAO;R467;0,12
C0000208;5511924821786;28/07/2026 19:09;ENTREGUE;R263;0,12
C0000333;5511961378412;03/08/2026 14:48;ENTREGUE;R412;0,12
C0000388;5511996475652;05/09/2026 16:15;ENTREGUE;R476;0,12
C0000472;5511953309319;29/08/2026 09:33;ENTREGUE;R580;0,12
C0000217;5511976091781;01/09/2026 14:25;INTERACAO;R275;0,12
C0000028;5511964707061;04/09/2026 16:58;ENTREGUE;R38;0,12
C0000181;5511976596831;22/08/2026 16:53;ENTREGUE;R212;0,12
C0000091;5511997182566;08/09/2026 17:58;ENTREGUE;R120;0,12
C0000207;5511947944260;31/07/2026 14:23;ENTREGUE;R259;0,12
C0000150;5511917966873;20/09/2026 16:37;ENTREGUE;R174;0,12
C0000113;5511974082804;13/08/2026 18:43;ENTREGUE;R142;0,12
C0000247;5511952399610;10/08/2026 11:39;ID_CONFIRMADA;R313;0,12
C0000280;5511953412847;31/07/2026 13:57;ENTREGUE;R353;0,12
C0000050;5511932329103;30/07/2026 18:08;ENTREGUE;R71;0,12
C0000228;5511960326016;29/07/2026 14:33;ENTREGUE;R289;0,12
C0000159;5511958465780;31/07/2026 15:13;ENTREGUE;R186;0,12
C0000214;5511978038903;07/08/2026 13:13;ENTREGUE;R269;0,12
C0000378;5511972548391;10/08/2026 14:47;ENTREGUE;R456;0,12
C0000203;5511961447859;11/09/2026 08:05;FALHA_ENTREGA;R254;0,12
C0000298;5511970516875;05/08/2026 11:55;FALHA_ENTREGA;R366;0,12
C0000462;5511975580570;06/09/2026 18:02;ENTREGUE;R568;0,12
C0000194;5511977796914;09/09/2026 10:25;ENTREGUE;R232;0,12
C0000202;5511994695784;21/09/2026 09:57;ENTREGUE;R247;0,12
C0000150;5511981441519;10/09/2026 13:49;ENTREGUE;R176;0,12
C0000086;5511956278607;23/09/2026 12:53;INTERACAO;R114;0,12
C0000157;5511989131271;05/08/2026 11:04;ENTREGUE;R182;0,12
C0000110;5511922007214;04/09/2026 12:53;INTERACAO;R140;0,12
C0000207;5511947944260;06/08/2026 19:08;ENTREGUE;R260;0,12
C0000362;5511965782199;19/09/2026 10:56;ENTREGUE;R441;0,12
C0000384;5511945588515;22/09/2026 10:01;FALHA_ENTREGA;R464;0,12
C0000494;5511926952687;14/08/2026 08:41;ENTREGUE;R609;0,12
C0000352;5511996996261;26/08/2026 16:45;ENTREGUE;R427;0,12
C0000309;5511994088862;02/09/2026 17:37;ENTREGUE;R381;0,12
C0000401;5511932143753;25/08/2026 19:37;ENTREGUE;R488;0,12
C0000203;5511960076822;14/08/2026 14:46;ENTREGUE;R253;0,12
C0000499;5511914562440;01/08/2026 16:51;FALHA_ENTREGA;R614;0,12
C0000337;5511982551667;22/09/2026 08:15;ENTREGUE;R415;0,12
C0000398;5511959611937;22/08/2026 17:00;ENTREGUE;R485;0,12
C0000185;5511983774469;21/08/2026 18:03;ENTREGUE;R225;0,12
C0000207;5511947944260;20/08/2026 15:23;INTERACAO;R258;0,12
C0000347;5511939050434;02/09/2026 09:43;ENTREGUE;R423;0,12
C0000408;5511949017499;29/07/2026 12:18;ENTREGUE;R500;0,12
C0000238;5511989134873;27/08/2026 10:18;INTERACAO;R299;0,12
C0000399;5511973207479;17/08/2026 17:07;ENTREGUE;R486;0,12
C0000301;5511990544341;17/08/2026 11:24;FALHA_ENTREGA;R369;0,12
C0000361;5511975829146;28/07/2026 13:33;ENTREGUE;R437;0,12
C0000040;5511984087145;27/07/2026 18:53;INTERACAO;R51;0,12
C0000438;5511926564560;01/09/2026 17:37;ENTREGUE;R536;0,12
C0000202;5511934207075;22/08/2026 08:41;ENTREGUE;R246;0,12
C0000048;5511915858241;06/09/2026 12:57;ENTREGUE;R68;0,12
C0000271;5511943999060;17/08/2026 10:28;ENTREGUE;R340;0,12
C0000167;5511995354668;17/09/2026 08:28;ENTREGUE;R193;0,12
C0000352;5511996996261;01/08/2026 17:31;ENTREGUE;R426;0,12
C0000013;5511987736262;17/08/2026 09:23;ENTREGUE;R26;0,12
C0000341;5511975359668;27/08/2026 12:13;ENTREGUE;R418;0,12
C0000385;5511983492593;18/08/2026 13:30;INTERACAO;R471;0,12
C0000382;5511918791292;15/09/2026 19:21;ENTREGUE;R463;0,12
C0000103;5511950162553;12/08/2026 15:03;ENTREGUE;R134;0,12
C0000496;5511962587561;20/08/2026 15:26;ENTREGUE;R612;0,12
C0000405;5511986391152;20/09/2026 16:40;FALHA_ENTREGA;R492;0,12
C0000050;5511922130508;27/08/2026 11:04;ENTREGUE;R72;0,12
C0000488;5511957785434;11/08/2026 16:43;ENTREGUE;R599;0,12
C0000380;5511975841004;11/08/2026 09:02;ID_CONFIRMADA;R460;0,12
C0000182;5511919099261;20/08/2026 08:50;ENTREGUE;R220;0,12
C0000164;5511958852098;19/08/2026 16:32;ENTREGUE;R191;0,12
C0000333;5511961378412;14/08/2026 08:29;ENTREGUE;R413;0,12
C0000269;5511929607576;31/08/2026 10:55;FALHA_ENTREGA;R338;0,12
C0000424;5511994254420;14/09/2026 13:20;ENTREGUE;R516;0,12
C0000248;5511963345392;23/09/2026 19:40;ENTREGUE;R315;0,12
C0000379;5511960511038;13/08/2026 11:23;INTERACAO;R458;0,12
C0000230;5511964711545;21/08/2026 08:36;ENTREGUE;R292;0,12
C0000102;5511984870921;29/08/2026 14:25;ENTREGUE;R132;0,12
C0000352;5511996996261;02/09/2026 12:29;ENTREGUE;R430;0,12
C0000176;5511945772648;24/08/2026 16:58;INTERACAO;R207;0,12
C0000461;5511954325475;22/09/2026 18:55;ENTREGUE;R567;0,12
C0000135;5511961100987;07/08/2026 14:46;ENTREGUE;R163;0,12
C0000084;5511918429833;10/08/2026 10:22;ENTREGUE;R108;0,12
C0000374;5511976547299;24/09/2026 16:56;ENTREGUE;R449;0,12
C0000239;5511986015183;08/08/2026 13:03;ENTREGUE;R302;0,12
C0000207;5511947944260;20/09/2026 14:33;ENTREGUE;R262;0,12
C0000000;5511913999315;16/08/2026 18:48;ENTREGUE;R1;0,12
C0000122;5511934679818;13/09/2026 11:40;ENTREGUE;R155;0,12
C0000059;5511959302863;25/08/2026 11:28;ENTREGUE;R80;0,12
C0000223;5511999186817;13/09/2026 10:38;FALHA_ENTREGA;R284;0,12
C0000069;5511989609131;01/09/2026 12:46;ENTREGUE;R87;0,12
C0000028;5511964707061;14/08/2026 16:19;ENTREGUE;R39;0,12
C0000413;5511975243366;17/09/2026 13:22;ENTREGUE;R504;0,12
C0000325;5511990213415;01/09/2026 11:33;ENTREGUE;R395;0,12
C0000227;5511942258945;11/08/2026 17:34;ENTREGUE;R287;0,12
C0000047;5511950071487;02/09/2026 15:35;ENTREGUE;R67;0,12
C0000016;5511919233013;18/08/2026 08:08;ENTREGUE;R31;0,12
C0000461;5511928674348;17/08/2026 12:14;ENTREGUE;R566;0,12
C0000419;5511942925764;04/08/2026 10:16;INTERACAO;R511;0,12
C0000328;5511973918769;01/08/2026 08:24;ID_CONFIRMADA;R399;0,12
C0000040;5511998641164;01/08/2026 14:34;FALHA_ENTREGA;R54;0,12
C0000196;5511996888739;01/08/2026 19:06;ENTREGUE;R237;0,12
C0000072;5511942657384;10/09/2026 16:19;ENTREGUE;R91;0,12
C0000364;5511930672747;22/08/2026 13:14;ENTREGUE;R443;0,12
C0000278;5511919447334;14/08/2026 17:34;ENTREGUE;R349;0,12
C0000070;5511933581357;01/08/2026 09:31;ENTREGUE;R88;0,12
C0000082;5511965686520;18/09/2026 08:27;ENTREGUE;R102;0,12
C0000352;5511996996261;30/07/2026 11:02;ENTREGUE;R425;0,12
C0000040;5511998641164;07/08/2026 10:32;FALHA_ENTREGA;R53;0,12
C0000244;5511932511225;30/08/2026 19:15;ENTREGUE;R308;0,12
C0000147;5511949203644;09/09/2026 16:22;ENTREGUE;R172;0,12
C0000375;5511919342782;21/09/2026 12:00;ENTREGUE;R450;0,12
C0000033;5511936619372;05/09/2026 16:03;FALHA_ENTREGA;R44;0,12
C0000152;5511947342819;30/08/2026 11:18;ENTREGUE;R179;0,12
C0000202;5511994695784;04/08/2026 11:05;ENTREGUE;R249;0,12
C0000120;5511968916591;13/08/2026 11:03;ENTREGUE;R153;0,12
C0000432;5511948299260;08/09/2026 08:50;FALHA_ENTREGA;R529;0,12
C0000354;5511921718382;23/08/2026 14:22;ENTREGUE;R432;0,12
C0000203;5511994112495;05/09/2026 12:17;ENTREGUE;R251;0,12
C0000259;5511940677709;19/08/2026 19:33;ID_CONFIRMADA;R325;0,12
C0000205;5511959203071;15/08/2026 09:00;ENTREGUE;R256;0,12
C0000285;5511942522981;11/08/2026 17:56;ENTREGUE;R357;0,12
C0000475;5511942688154;04/08/2026 15:56;ENTREGUE;R586;0,12
C0000358;5511987111463;25/08/2026 10:45;FALHA_ENTREGA;R436;0,12
C0000222;5511929653285;19/08/2026 14:28;ENTREGUE;R281;0,12
C0000077;5511998122539;31/07/2026 14:25;ENTREGUE;R99;0,12
C0000433;5511977702274;17/08/2026 14:17;ENTREGUE;R530;0,12
C0000380;5511975425092;13/09/2026 19:11;ENTREGUE;R459;0,12
C0000161;5511930854365;12/09/2026 18:09;ENTREGUE;R189;0,12
C0000202;5511994695784;22/08/2026 11:42;ENTREGUE;R245;0,12
C0000462;5511975580570;06/09/2026 12:04;INTERACAO;R570;0,12
C0000044;5511973083727;17/09/2026 16:49;ENTREGUE;R60;0,12
C0000190;5511980137085;11/08/2026 18:36;ENTREGUE;R229;0,12
C0000472;5511953309319;22/09/2026 09:12;ENTREGUE;R581;0,12
C0000269;5511929607576;06/08/2026 09:38;FALHA_ENTREGA;R337;0,12
C0000453;5511918774822;07/08/2026 08:21;FALHA_ENTREGA;R554;0,12
C0000187;5511989151743;07/09/2026 11:56;ENTREGUE;R227;0,12
C0000377;5511978640894;01/08/2026 19:45;ENTREGUE;R455;0,12
C0000202;5511917786452;29/08/2026 10:01;FALHA_ENTREGA;R250;0,12
C0000427;5511980166008;28/08/2026 16:10;ENTREGUE;R523;0,12
C0000205;5511959203071;15/08/2026 09:00;ENTREGUE;R256;0,12
C0000152;5511947342819;01/09/2026 14:22;ENTREGUE;R178;0,12
C0000055;5511949613214;31/07/2026 19:35;REVOGADO;R77;0,12
C0000449;5511919180999;09/09/2026 16:57;INTERACAO;R550;0,12
C0000406;5511948243447;03/08/2026 19:38;ENTREGUE;R493;0,12
C0000352;5511996996261;19/08/2026 16:07;ENTREGUE;R428;0,12
C0000072;5511942657384;10/09/2026 16:19;ENTREGUE;R91;0,12
C0000489;5511912232081;30/07/2026 14:04;ENTREGUE;R602;0,12
;5511927610141;09/09/2026 12:15;ENTREGUE;R255;0,12
C0000016;5511919233013;09/08/2026 11:15;ENTREGUE;R32;0,12
C0000276;5511980222787;13/08/2026 15:25;ENTREGUE;R347;0,12
C0000001;5511966722344;27/07/2026 18:17;ENTREGUE;R4;0,12
C0000051;5511991804602;21/08/2026 08:27;ENTREGUE;R73;0,12
C0000427;5511980166008;14/08/2026 17:02;ENTREGUE;R522;0,12
C0000440;5511924890990;15/08/2026 09:55;ENTREGUE;R544;0,12
C0000206;5511930552371;01/08/2026 13:21;INTERACAO;R257;0,12
C0000348;5511915376584;16/09/2026 12:14;INTERACAO;R424;0,12
C0000135;5511946093692;02/09/2026 10:50;ENTREGUE;R164;0,12
C0000396;5511972065617;03/08/2026 14:22;ENTREGUE;R484;0,12
C0000008;5511986149359;13/08/2026 08:24;ENTREGUE;R15;0,12
C0000499;5511929940502;28/08/2026 15:12;ENTREGUE;R613;0,12
C0000251;5511997915178;12/08/2026 14:43;ENTREGUE;R318;0,12
C0000414;5511978133743;16/09/2026 08:03;ENTREGUE;R505;0,12
C0000428;5511975604774;30/07/2026 17:13;FALHA_ENTREGA;R524;0,12
C0000126;5511996126771;22/09/2026 15:33;ENTREGUE;R159;0,12
C0000007;5511950056581;24/09/2026 18:23;ENTREGUE;R14;0,12
C0000337;5511982551667;24/09/2026 10:58;ENTREGUE;R414;0,12
C0000384;5511963959197;01/09/2026 10:18;ENTREGUE;R466;0,12
C0000437;5511910274812;15/08/2026 18:04;ENTREGUE;R534;0,12
