customer_id,phone,timestamp,outcome,call_id,cost
C0000054,+5511951464269,2026-08-26T15:00:00,NO_ANSWER,vb-76,0.12
C0000354,+5511921718382,2026-09-07T14:35:00,NO_ANSWER,vb-482,0.12
C0000055,+5511949613214,2026-09-01T13:01:00,NO_ANSWER,vb-77,0.12
C0000181,+5511920443030,2026-07-31T15:40:00,WRONG_PERSON,vb-263,0.12
C0000305,+5511994806492,2026-08-22T15:20:00,NO_ANSWER,vb-426,0.12
C0000020,+5511913326769,2026-08-16T18:07:00,ANSWERED,vb-28,0.12
C0000305,+5511992448605,2026-08-16T08:37:00,WRONG_PERSON,vb-427,0.12
C0000081,+5511931751079,2026-09-23T11:27:00,WRONG_PERSON,vb-113,0.12
C0000431,+5511946904845,2026-09-22T11:43:00,NO_ANSWER,vb-581,0.12
C0000020,+5511965259205,2026-08-13T19:38:00,NO_ANSWER,vb-25,0.12
C0000169,+5511941778964,2026-09-10T13:55:00,NO_ANSWER,vb-242,0.12
C0000491,+5511924155900,2026-08-14T14:27:00,NO_ANSWER,vb-660,0.12
C0000445,+5511969313284,2026-08-02T13:20:00,NO_ANSWER,vb-602,0.12
C0000304,+5511980994013,2026-09-03T08:03:00,IDENTITY_CONFIRMED,vb-424,0.12
C0000145,+5511990050918,2026-09-12T19:12:00,INVALID_NUMBER,vb-203,0.12
C0000460,+5511927226260,2026-09-05T15:59:00,NO_ANSWER,vb-622,0.12
C0000218,+5511965629268,2026-07-31T08:40:00,NO_ANSWER,vb-311,0.12
C0000456,+5511955147351,2026-08-18T16:48:00,NO_ANSWER,vb-618,0.12
C0000432,+5511932708438,2026-08-02T10:48:00,INVALID_NUMBER,vb-582,0.12
C0000432,+5511932708438,2026-09-02T18:14:00,INVALID_NUMBER,vb-583,0.12
C0000104,+5511997991930,2026-08-31T10:00:00,NO_ANSWER,vb-147,0.12
C0000404,+5511913484583,2026-08-07T18:59:00,NO_ANSWER,vb-550,0.12
C0000326,+5511947711414,2026-08-15T13:13:00,WRONG_PERSON,vb-449,0.12
C0000321,+5511961212793,2026-09-15T09:48:00,NO_ANSWER,vb-445,0.12
C0000395,+5511944987861,2026-09-09T13:23:00,NO_ANSWER,vb-532,0.12
C0000348,+5511915376584,2026-09-24T16:17:00,ANSWERED,vb-474,0.12
C0000334,+5511976800348,2026-09-13T11:42:00,INVALID_NUMBER,vb-459,0.12
C0000265,+5511922019737,2026-08-25T15:37:00,NO_ANSWER,vb-363,0.12
C0000280,+5511959891348,2026-09-11T15:12:00,NO_ANSWER,vb-388,0.12
C0000222,+5511949613096,2026-09-12T10:11:00,NO_ANSWER,vb-314,0.12
C0000333,+5511961378412,2026-08-16T14:50:00,NO_ANSWER,vb-457,0.12
C0000485,+5511935754346,2026-07-28T17:03:00,NO_ANSWER,vb-656,0.12
C0000207,+5511947944260,2026-09-09T17:36:00,IDENTITY_CONFIRMED,vb-295,0.12
C0000280,+5511959891348,2026-08-23T15:33:00,NO_ANSWER,vb-389,0.12
C0000040,+5511998641164,2026-07-30T19:10:00,INVALID_NUMBER,vb-54,0.12
C0000344,+5511953751263,2026-08-17T12:04:00,WRONG_PERSON,vb-471,0.12
C0000343,+5511925123535,2026-09-24T08:37:00,NO_ANSWER,vb-467,0.12
C0000016,+5511919233013,2026-08-19T11:08:00,WRONG_PERSON,vb-18,0.12
C0000060,+5511942691263,2026-08-27T15:02:00,NO_ANSWER,vb-90,0.12
C0000114,+5511941715995,2026-08-09T16:20:00,NO_ANSWER,vb-167,0.12
C0000274,+5511958072427,2026-09-14T13:06:00,NO_ANSWER,vb-377,0.12
C0000271,+5511943999060,2026-09-01T08:49:00,ANSWERED,vb-375,0.12
C0000015,+5511945650176,2026-08-09T16:04:00,NO_ANSWER,vb-17,0.12
C0000104,+5511997991930,2026-09-22T14:30:00,NO_ANSWER,vb-146,0.12
C0000458,+5511950194740,2026-08-23T14:13:00,NO_ANSWER,vb-620,0.12
C0000422,+5511926912191,2026-08-24T12:23:00,NO_ANSWER,vb-574,0.12
C0000278,+5511938977615,2026-09-12T14:31:00,NO_ANSWER,vb-385,0.12
C0000303,+5511950170625,2026-08-26T19:17:00,NO_ANSWER,vb-423,0.12
C0000461,+5511954325475,2026-09-22T14:23:00,NO_ANSWER,vb-623,0.12
C0000380,+5511975841004,2026-09-06T10:37:00,IDENTITY_CONFIRMED,vb-513,0.12
C0000152,+5511947342819,2026-08-23T11:15:00,WRONG_PERSON,vb-213,0.12
C0000053,+5511916582607,2026-08-11T08:46:00,NO_ANSWER,vb-72,0.12
C0000263,+5511920746107,2026-08-07T18:59:00,NO_ANSWER,vb-362,0.12
C0000352,+5511996996261,2026-09-07T15:02:00,NO_ANSWER,vb-479,0.12
C0000105,+5511952103092,2026-09-05T08:52:00,WRONG_PERSON,vb-149,0.12
C0000212,+5511911658959,2026-07-27T13:06:00,ANSWERED,vb-301,0.12
C0000292,+5511937750491,2026-09-10T11:29:00,NO_ANSWER,vb-402,0.12
C0000069,+5511978765957,2026-09-10T15:36:00,INVALID_NUMBER,vb-105,0.12
C0000215,+5511984776858,2026-08-18T12:01:00,NO_ANSWER,vb-306,0.12
C0000344,+5511913901068,2026-09-12T19:13:00,NO_ANSWER,vb-470,0.12
C0000043,+5511946173157,2026-08-16T11:36:00,NO_ANSWER,vb-59,0.12
C0000117,+5511910404729,2026-08-19T16:36:00,NO_ANSWER,vb-169,0.12
C0000079,+5511978140959,2026-07-28T16:02:00,ANSWERED,vb-110,0.12
C0000155,+5511922775337,2026-08-31T13:50:00,NO_ANSWER,vb-216,0.12
C0000453,+5511960760544,2026-09-10T14:45:00,WRONG_PERSON,vb-614,0.12
C0000358,+5511987111463,2026-08-26T15:51:00,INVALID_NUMBER,vb-486,0.12
C0000317,+5511974743230,2026-08-13T19:48:00,ANSWERED,vb-440,0.12
C0000120,+5511968916591,2026-08-08T17:38:00,NO_ANSWER,vb-175,0.12
C0000420,+5511979437366,2026-09-13T11:48:00,WRONG_PERSON,vb-573,0.12
C0000343,+5511973674613,2026-08-08T16:13:00,NO_ANSWER,vb-469,0.12
C0000419,+5511965701512,2026-09-16T13:54:00,NO_ANSWER,vb-570,0.12
C0000374,+5511976547299,2026-09-14T08:18:00,IDENTITY_CONFIRMED,vb-504,0.12
C0000098,+5511926444612,2026-07-28T15:11:00,IDENTITY_CONFIRMED,vb-134,0.12
C0000388,+5511996475652,2026-08-07T12:15:00,NO_ANSWER,vb-526,0.12
C0000173,+5511954499873,2026-08-20T15:53:00,INVALID_NUMBER,vb-250,0.12
C0000152,+5511922494970,2026-08-01T11:03:00,ANSWERED,vb-215,0.12
C0000401,+5511945328305,2026-08-30T17:27:00,NO_ANSWER,vb-540,0.12
C0000040,+5511984087145,2026-08-13T11:21:00,NO_ANSWER,vb-53,0.12
C0000091,+5511928481124,2026-09-22T17:17:00,NO_ANSWER,vb-123,0.12
C0000059,+5511958678896,2026-09-04T18:39:00,IDENTITY_CONFIRMED,vb-85,0.12
C0000466,+5511999477179,2026-09-17T11:21:00,NO_ANSWER,vb-630,0.12
C0000403,+5511934247098,2026-08-16T17:19:00,NO_ANSWER,vb-548,0.12
C0000375,+5511949002238,2026-08-09T18:25:00,WRONG_PERSON,vb-507,0.12
C0000452,+5511928420515,2026-08-03T08:00:00,NO_ANSWER,vb-607,0.12
C0000113,+5511974082804,2026-09-16T17:45:00,NO_ANSWER,vb-160,0.12
C0000050,+5511932329103,2026-09-14T15:44:00,NO_ANSWER,vb-65,0.12
C0000023,+5511953779528,2026-09-23T19:53:00,NO_ANSWER,vb-31,0.12
C0000379,+5511960511038,2026-08-13T14:55:00,ANSWERED,vb-510,0.12
C0000419,+5511973574016,2026-09-15T08:15:00,NO_ANSWER,vb-569,0.12
C0000302,+5511954440977,2026-08-17T10:12:00,NO_ANSWER,vb-419,0.12
C0000018,+5511969302158,2026-08-28T14:32:00,ANSWERED,vb-23,0.12
C0000480,+5511960232033,2026-08-05T17:49:00,NO_ANSWER,vb-649,0.12
C0000091,+5511959930790,2026-09-01T12:00:00,NO_ANSWER,vb-124,0.12
C0000276,+5511980222787,2026-07-27T08:22:00,BUSY_NETWORK,vb-379,0.12
C0000225,+5511993935292,2026-08-28T14:06:00,NO_ANSWER,vb-319,0.12
C0000393,+5511923474864,2026-08-17T09:58:00,NO_ANSWER,vb-529,0.12
C0000382,+5511918791292,2026-08-03T12:09:00,WRONG_PERSON,vb-518,0.12
C0000309,+5511994088862,2026-09-23T11:41:00,NO_ANSWER,vb-434,0.12
C0000387,+5511942962076,2026-09-03T14:55:00,NO_ANSWER,vb-524,0.12
,+5511988458327,2026-08-17T10:07:00,WRONG_PERSON,vb-83,0.12
C0000230,+5511964711545,2026-08-16T10:46:00,NO_ANSWER,vb-325,0.12
C0000208,+5511937876214,2026-08-07T16:07:00,ANSWERED,vb-297,0.12
C0000095,+5511940262109,2026-08-29T08:39:00,NO_ANSWER,vb-130,0.12
C0000300,+5511916886777,2026-08-31T10:15:00,WRONG_PERSON,vb-415,0.12
C0000171,+5511929907683,2026-09-04T10:02:00,NO_ANSWER,vb-246,0.12
C0000138,+5511950645509,2026-07-30T14:31:00,NO_ANSWER,vb-195,0.12
C0000301,+5511970899748,2026-08-27T13:28:00,NO_ANSWER,vb-418,0.12
C0000484,+5511919373966,2026-07-31T12:01:00,NO_ANSWER,vb-654,0.12
C0000278,+5511938977615,2026-09-15T13:10:00,NO_ANSWER,vb-383,0.12
C0000171,+5511929907683,2026-08-23T08:17:00,ANSWERED,vb-247,0.12
C0000403,+5511946613462,2026-08-14T19:27:00,NO_ANSWER,vb-547,0.12
C0000011,+5511957553014,2026-08-14T10:26:00,NO_ANSWER,vb-11,0.12
C0000444,+5511943172390,2026-08-18T17:04:00,INVALID_NUMBER,vb-598,0.12
C0000255,+5511979324022,2026-08-27T08:29:00,WRONG_PERSON,vb-349,0.12
C0000081,+5511931751079,2026-08-14T13:17:00,WRONG_PERSON,vb-112,0.12
C0000133,+5511930699187,2026-09-21T10:57:00,ANSWERED,vb-189,0.12
C0000301,+5511941927492,2026-09-06T19:29:00,NO_ANSWER,vb-417,0.12
C0000334,+5511976800348,2026-08-08T19:57:00,INVALID_NUMBER,vb-458,0.12
C0000405,+5511919492426,2026-08-01T17:29:00,NO_ANSWER,vb-552,0.12
C0000082,+5511970549373,2026-08-11T08:08:00,ANSWERED,vb-114,0.12
C0000426,+5511965958370,2026-09-20T12:17:00,BUSY_NETWORK,vb-578,0.12
C0000065,+5511927463800,2026-09-07T10:00:00,IDENTITY_CONFIRMED,vb-95,0.12
C0000216,+5511958767001,2026-09-01T09:04:00,WRONG_PERSON,vb-309,0.12
C0000247,+5511910965569,2026-08-12T12:34:00,WRONG_PERSON,vb-343,0.12
C0000238,+5511949057246,2026-07-30T18:52:00,INVALID_NUMBER,vb-335,0.12
C0000253,+5511977946127,2026-08-04T18:51:00,NO_ANSWER,vb-347,0.12
C0000293,+5511913957187,2026-08-02T11:06:00,IDENTITY_CONFIRMED,vb-403,0.12
C0000137,+5511962738860,2026-08-24T19:59:00,NO_ANSWER,vb-194,0.12
C0000465,+5511949922892,2026-09-18T12:52:00,NO_ANSWER,vb-627,0.12
C0000053,+5511963124147,2026-08-01T19:54:00,NO_ANSWER,vb-73,0.12
C0000337,+5511975663681,2026-09-08T08:35:00,ANSWERED,vb-463,0.12
C0000215,+5511984776858,2026-09-21T09:56:00,NO_ANSWER,vb-308,0.12
C0000476,+5511915316025,2026-08-05T15:25:00,WRONG_PERSON,vb-644,0.12
C0000439,+5511958025924,2026-08-13T12:53:00,ANSWERED,vb-593,0.12
C0000460,+5511960291405,2026-09-06T16:46:00,NO_ANSWER,vb-621,0.12
C0000426,+5511969066531,2026-08-06T17:38:00,NO_ANSWER,vb-577,0.12
C0000434,+5511950884443,2026-08-28T15:06:00,NO_ANSWER,vb-587,0.12
C0000207,+5511947944260,2026-09-04T11:32:00,NO_ANSWER,vb-293,0.12
C0000306,+5511951308532,2026-08-29T15:11:00,NO_ANSWER,vb-429,0.12
C0000409,+5511962741841,2026-08-25T15:52:00,NO_ANSWER,vb-555,0.12
C0000405,+5511996388439,2026-09-05T16:55:00,WRONG_PERSON,vb-551,0.12
C0000266,+5511990128487,2026-08-10T09:11:00,IDENTITY_CONFIRMED,vb-367,0.12
C0000373,+5511923245372,2026-07-29T13:53:00,NO_ANSWER,vb-502,0.12
C0000336,+5511998682228,2026-08-21T09:09:00,WRONG_PERSON,vb-461,0.12
C0000228,+5511935838575,2026-08-07T11:28:00,NO_ANSWER,vb-323,0.12
C0000345,+5511917293304,2026-09-18T18:25:00,NO_ANSWER,vb-472,0.12
C0000318,+5511953671508,2026-07-31T18:56:00,NO_ANSWER,vb-442,0.12
C0000269,+5511929607576,2026-08-12T10:59:00,INVALID_NUMBER,vb-371,0.12
C0000020,+5511913326769,2026-09-04T09:36:00,NO_ANSWER,vb-24,0.12
C0000135,+5511946093692,2026-09-23T18:44:00,NO_ANSWER,vb-193,0.12
C0000051,+5511993176117,2026-09-20T13:13:00,NO_ANSWER,vb-68,0.12
C0000023,+5511949682169,2026-09-14T09:13:00,NO_ANSWER,vb-30,0.12
C0000374,+5511976547299,2026-09-02T19:29:00,NO_ANSWER,vb-503,0.12
C0000175,+5511958199211,2026-09-08T13:57:00,NO_ANSWER,vb-258,0.12
C0000401,+5511932143753,2026-07-31T17:22:00,NO_ANSWER,vb-542,0.12
C0000198,+5511928781020,2026-09-03T14:30:00,NO_ANSWER,vb-284,0.12
C0000201,+5511961226775,2026-09-01T11:15:00,ANSWERED,vb-286,0.12
C0000187,+5511999676390,2026-08-06T19:37:00,NO_ANSWER,vb-269,0.12
C0000020,+5511913326769,2026-09-19T17:23:00,NO_ANSWER,vb-27,0.12
C0000226,+5511999031246,2026-09-08T17:36:00,NO_ANSWER,vb-320,0.12
C0000031,+5511943859311,2026-08-31T13:41:00,NO_ANSWER,vb-41,0.12
C0000241,+5511979345320,2026-09-23T12:36:00,ANSWERED,vb-339,0.12
C0000225,+5511930777669,2026-08-23T10:20:00,INVALID_NUMBER,vb-318,0.12
C0000000,+5511913999315,2026-08-19T14:18:00,NO_ANSWER,vb-1,0.12
C0000055,+5511949613214,2026-07-28T19:04:00,NO_ANSWER,vb-80,0.12
C0000167,+5511995354668,2026-08-27T13:27:00,IDENTITY_CONFIRMED,vb-237,0.12
C0000364,+5511972203452,2026-09-10T17:32:00,WRONG_PERSON,vb-492,0.12
C0000355,+5511973606441,2026-09-18T09:58:00,ANSWERED,vb-485,0.12
C0000133,+5511952503832,2026-09-21T09:12:00,ANSWERED,vb-190,0.12
C0000192,+5511996644900,2026-08-21T08:47:00,NO_ANSWER,vb-273,0.12
C0000041,+5511945507920,2026-09-13T10:25:00,NO_ANSWER,vb-57,0.12
C0000455,+5511973586743,2026-08-28T15:32:00,WRONG_PERSON,vb-615,0.12
C0000499,+5511997254650,2026-09-23T17:48:00,WRONG_PERSON,vb-668,0.12
C0000173,+5511954499873,2026-08-22T16:35:00,INVALID_NUMBER,vb-251,0.12
C0000193,+5511928206610,2026-08-15T15:48:00,ANSWERED,vb-276,0.12
C0000328,+5511981473736,2026-08-08T09:27:00,WRONG_PERSON,vb-451,0.12
C0000122,+5511972146184,2026-08-25T11:19:00,NO_ANSWER,vb-178,0.12
C0000102,+5511962868861,2026-08-07T16:49:00,NO_ANSWER,vb-142,0.12
C0000197,+5511979878835,2026-08-11T10:27:00,NO_ANSWER,vb-282,0.12
C0000109,+5511923448342,2026-08-14T15:31:00,IDENTITY_CONFIRMED,vb-155,0.12
C0000214,+5511978038903,2026-08-13T15:03:00,NO_ANSWER,vb-303,0.12
C0000241,+5511956309454,2026-08-02T10:22:00,NO_ANSWER,vb-337,0.12
C0000117,+5511910404729,2026-09-23T11:42:00,NO_ANSWER,vb-170,0.12
C0000392,+5511962744287,2026-09-03T11:15:00,NO_ANSWER,vb-528,0.12
C0000257,+5511974732147,2026-09-03T18:47:00,NO_ANSWER,vb-353,0.12
C0000434,+5511950884443,2026-08-09T13:19:00,ANSWERED,vb-586,0.12
C0000414,+5511931653807,2026-08-26T12:57:00,NO_ANSWER,vb-561,0.12
C0000361,+5511975829146,2026-08-03T14:27:00,NO_ANSWER,vb-488,0.12
C0000302,+5511954440977,2026-08-24T16:34:00,NO_ANSWER,vb-420,0.12
C0000211,+5511986362294,2026-08-24T12:59:00,NO_ANSWER,vb-300,0.12
C0000449,+5511919180999,2026-09-17T10:02:00,NO_ANSWER,vb-605,0.12
C0000203,+5511960076822,2026-09-03T14:42:00,NO_ANSWER,vb-289,0.12
C0000028,+5511938716269,2026-08-04T12:56:00,ANSWERED,vb-35,0.12
C0000169,+5511941778964,2026-08-01T15:42:00,IDENTITY_CONFIRMED,vb-243,0.12
C0000140,+5511972151291,2026-09-13T11:31:00,NO_ANSWER,vb-199,0.12
C0000237,+5511994775473,2026-07-27T15:20:00,INVALID_NUMBER,vb-333,0.12
C0000053,+5511916582607,2026-09-08T14:11:00,NO_ANSWER,vb-74,0.12
C0000444,+5511979749603,2026-08-06T17:55:00,NO_ANSWER,vb-599,0.12
C0000332,+5511949536330,2026-08-06T08:17:00,NO_ANSWER,vb-454,0.12
C0000191,+5511964086249,2026-07-27T19:32:00,INVALID_NUMBER,vb-270,0.12
C0000099,+5511931386576,2026-09-08T13:38:00,NO_ANSWER,vb-136,0.12
C0000161,+5511992684436,2026-09-24T12:12:00,WRONG_PERSON,vb-228,0.12
C0000396,+5511972065617,2026-08-14T12:12:00,NO_ANSWER,vb-534,0.12
C0000039,+5511991378577,2026-09-03T18:25:00,NO_ANSWER,vb-51,0.12
C0000079,+5511978140959,2026-08-18T09:31:00,IDENTITY_CONFIRMED,vb-109,0.12
C0000432,+5511923332334,2026-09-08T15:22:00,NO_ANSWER,vb-585,0.12
C0000069,+5511916095815,2026-08-04T14:03:00,NO_ANSWER,vb-103,0.12
C0000368,+5511984981433,2026-08-29T12:32:00,WRONG_PERSON,vb-500,0.12
C0000105,+5511935606639,2026-09-13T12:10:00,NO_ANSWER,vb-148,0.12
C0000045,+5511979583757,2026-09-05T18:46:00,NO_ANSWER,vb-63,0.12
C0000424,+5511994254420,2026-08-13T10:32:00,NO_ANSWER,vb-576,0.12
C0000427,+5511926222417,2026-08-21T15:30:00,WRONG_PERSON,vb-580,0.12
C0000436,+5511947508257,2026-09-10T17:13:00,ANSWERED,vb-589,0.12
C0000050,+5511922130508,2026-08-10T17:05:00,NO_ANSWER,vb-66,0.12
C0000177,+5511986188876,2026-09-03T09:43:00,NO_ANSWER,vb-260,0.12
C0000352,+5511996996261,2026-08-15T19:37:00,NO_ANSWER,vb-480,0.12
C0000480,+5511960232033,2026-08-11T10:19:00,NO_ANSWER,vb-650,0.12
C0000228,+5511975337822,2026-09-08T16:17:00,INVALID_NUMBER,vb-322,0.12
C0000309,+5511994088862,2026-08-16T10:02:00,NO_ANSWER,vb-433,0.12
C0000266,+5511990128487,2026-07-27T17:44:00,NO_ANSWER,vb-365,0.12
C0000182,+5511919099261,2026-09-17T13:46:00,NO_ANSWER,vb-266,0.12
C0000440,+5511924890990,2026-08-14T19:34:00,NO_ANSWER,vb-595,0.12
C0000132,+5511941157840,2026-08-18T08:51:00,NO_ANSWER,vb-186,0.12
C0000113,+5511974082804,2026-09-24T10:18:00,NO_ANSWER,vb-161,0.12
C0000262,+5511920618223,2026-09-14T10:29:00,NO_ANSWER,vb-361,0.12
C0000303,+5511950170625,2026-08-26T19:17:00,NO_ANSWER,vb-423,0.12
C0000419,+5511973574016,2026-08-11T11:43:00,NO_ANSWER,vb-568,0.12
C0000247,+5511952399610,2026-09-18T16:55:00,NO_ANSWER,vb-342,0.12
C0000359,+5511930945115,2026-08-12T13:16:00,INVALID_NUMBER,vb-487,0.12
C0000368,+5511935288872,2026-08-04T10:42:00,NO_ANSWER,vb-499,0.12
C0000182,+5511919099261,2026-08-28T18:57:00,IDENTITY_CONFIRMED,vb-265,0.12
C0000036,+5511983871890,2026-08-18T19:24:00,NO_ANSWER,vb-45,0.12
C0000095,+5511948124318,2026-08-16T09:53:00,NO_ANSWER,vb-128,0.12
C0000214,+5511942331952,2026-08-31T15:17:00,NO_ANSWER,vb-304,0.12
C0000453,+5511960760544,2026-09-10T14:45:00,WRONG_PERSON,vb-614,0.12
C0000063,+5511918163847,2026-08-30T10:24:00,ANSWERED,vb-93,0.12
C0000432,+5511923332334,2026-08-28T12:28:00,NO_ANSWER,vb-584,0.12
C0000143,+5511959095909,2026-08-02T19:31:00,ANSWERED,vb-201,0.12
C0000089,+5511920746667,2026-08-14T18:18:00,NO_ANSWER,vb-122,0.12
C0000394,+5511994328498,2026-08-13T12:42:00,NO_ANSWER,vb-530,0.12
C0000322,+5511975323947,2026-08-28T12:05:00,ANSWERED,vb-447,0.12
C0000098,+5511926444612,2026-08-15T11:42:00,NO_ANSWER,vb-135,0.12
C0000298,+5511937102854,2026-08-25T08:33:00,NO_ANSWER,vb-408,0.12
C0000497,+5511917264306,2026-08-02T19:01:00,NO_ANSWER,vb-665,0.12
C0000262,+5511952530677,2026-09-24T16:59:00,ANSWERED,vb-360,0.12
C0000120,+5511923542127,2026-08-12T10:43:00,NO_ANSWER,vb-177,0.12
C0000465,+5511956544270,2026-08-22T09:21:00,NO_ANSWER,vb-629,0.12
C0000281,+5511938833029,2026-09-10T12:12:00,ANSWERED,vb-393,0.12
C0000113,+5511974082804,2026-08-04T12:56:00,IDENTITY_CONFIRMED,vb-163,0.12
C0000383,+5511986844836,2026-09-12T14:56:00,INVALID_NUMBER,vb-520,0.12
C0000166,+5511942559072,2026-08-08T19:30:00,IDENTITY_CONFIRMED,vb-235,0.12
C0000112,+5511971594457,2026-08-20T09:01:00,ANSWERED,vb-159,0.12
C0000249,+5511916986408,2026-09-07T18:29:00,NO_ANSWER,vb-344,0.12
C0000354,+5511921718382,2026-07-31T16:58:00,ANSWERED,vb-484,0.12
C0000477,+5511969372673,2026-08-23T08:11:00,NO_ANSWER,vb-646,0.12
C0000066,+5511990585678,2026-08-17T11:36:00,WRONG_PERSON,vb-98,0.12
C0000307,+5511974304823,2026-08-28T17:18:00,NO_ANSWER,vb-430,0.12
C0000486,+5511974142265,2026-08-09T15:25:00,NO_ANSWER,vb-658,0.12
C0000236,+5511928026223,2026-09-10T19:13:00,WRONG_PERSON,vb-330,0.12
C0000228,+5511935838575,2026-07-31T13:34:00,NO_ANSWER,vb-324,0.12
C0000222,+5511931600382,2026-08-23T15:41:00,NO_ANSWER,vb-316,0.12
C0000363,+5511960435319,2026-09-10T18:04:00,INVALID_NUMBER,vb-491,0.12
C0000438,+5511926564560,2026-08-14T08:59:00,NO_ANSWER,vb-592,0.12
C0000231,+5511948901209,2026-08-21T16:06:00,NO_ANSWER,vb-326,0.12
C0000085,+5511999170406,2026-09-13T13:46:00,ANSWERED,vb-118,0.12
C0000122,+5511934679818,2026-08-12T18:00:00,NO_ANSWER,vb-180,0.12
C0000298,+5511970516875,2026-08-27T09:55:00,INVALID_NUMBER,vb-411,0.12
C0000477,+5511975987111,2026-08-26T12:09:00,IDENTITY_CONFIRMED,vb-645,0.12
C0000069,+5511989609131,2026-09-05T14:12:00,NO_ANSWER,vb-106,0.12
C0000266,+5511990128487,2026-09-21T17:22:00,IDENTITY_CONFIRMED,vb-366,0.12
C0000202,+5511917786452,2026-08-07T08:29:00,INVALID_NUMBER,vb-288,0.12
C0000251,+5511997915178,2026-08-22T16:22:00,NO_ANSWER,vb-346,0.12
C0000168,+5511929109045,2026-08-28T09:45:00,NO_ANSWER,vb-239,0.12
C0000197,+5511923732098,2026-07-27T15:03:00,INVALID_NUMBER,vb-283,0.12
C0000310,+5511959873103,2026-08-29T12:58:00,NO_ANSWER,vb-436,0.12
C0000380,+5511975841004,2026-08-07T18:47:00,IDENTITY_CONFIRMED,vb-512,0.12
C0000069,+5511916095815,2026-08-04T14:03:00,NO_ANSWER,vb-103,0.12
C0000156,+5511919182050,2026-09-01T18:53:00,NO_ANSWER,vb-217,0.12
C0000285,+5511967722445,2026-08-06T13:30:00,WRONG_PERSON,vb-397,0.12
C0000218,+5511965629268,2026-09-03T15:06:00,ANSWERED,vb-312,0.12
C0000473,+5511911608113,2026-08-15T17:10:00,NO_ANSWER,vb-640,0.12
C0000318,+5511953671508,2026-09-11T08:28:00,ANSWERED,vb-441,0.12
C0000332,+5511949536330,2026-08-23T15:40:00,IDENTITY_CONFIRMED,vb-455,0.12
C0000351,+5511937802722,2026-09-19T08:47:00,ANSWERED,vb-476,0.12
C0000470,+5511969590884,2026-09-13T18:58:00,IDENTITY_CONFIRMED,vb-636,0.12
C0000147,+5511949203644,2026-09-09T10:33:00,NO_ANSWER,vb-205,0.12
C0000101,+5511958657117,2026-07-31T13:12:00,NO_ANSWER,vb-138,0.12
C0000265,+5511922019737,2026-09-07T19:16:00,WRONG_PERSON,vb-364,0.12
C0000280,+5511959891348,2026-08-30T13:07:00,ANSWERED,vb-391,0.12
C0000029,+5511966240084,2026-08-21T16:08:00,NO_ANSWER,vb-37,0.12
C0000152,+5511922494970,2026-08-06T08:34:00,NO_ANSWER,vb-214,0.12
C0000160,+5511911851322,2026-09-06T15:41:00,NO_ANSWER,vb-225,0.12
C0000167,+5511995354668,2026-09-24T15:08:00,NO_ANSWER,vb-238,0.12
C0000243,+5511932325960,2026-08-05T11:02:00,NO_ANSWER,vb-340,0.12
C0000175,+5511958199211,2026-08-02T09:49:00,NO_ANSWER,vb-256,0.12
C0000483,+5511979596863,2026-08-17T12:36:00,IDENTITY_CONFIRMED,vb-653,0.12
C0000401,+5511945400991,2026-08-09T11:51:00,NO_ANSWER,vb-541,0.12
C0000102,+5511984870921,2026-08-24T11:06:00,NO_ANSWER,vb-141,0.12
C0000368,+5511984981433,2026-08-29T12:32:00,WRONG_PERSON,vb-500,0.12
C0000048,+5511961167978,2026-08-08T18:41:00,NO_ANSWER,vb-64,0.12
C0000301,+5511990544341,2026-07-28T17:58:00,INVALID_NUMBER,vb-416,0.12
C0000208,+5511941474764,2026-08-18T17:10:00,INVALID_NUMBER,vb-296,0.12
C0000045,+5511979583757,2026-08-09T08:50:00,NO_ANSWER,vb-62,0.12
C0000185,+5511930614492,2026-08-28T13:17:00,INVALID_NUMBER,vb-267,0.12
C0000194,+5511914102122,2026-08-27T13:42:00,NO_ANSWER,vb-278,0.12
C0000092,+5511969741812,2026-09-23T10:26:00,ANSWERED,vb-127,0.12
C0000031,+5511956970882,2026-08-20T11:23:00,NO_ANSWER,vb-42,0.12
C0000037,+5511981690398,2026-08-29T17:36:00,NO_ANSWER,vb-48,0.12
C0000106,+5511933244151,2026-08-05T19:58:00,NO_ANSWER,vb-153,0.12
C0000112,+5511928012011,2026-09-17T19:02:00,NO_ANSWER,vb-158,0.12
C0000287,+5511937353754,2026-08-31T17:35:00,NO_ANSWER,vb-399,0.12
C0000217,+5511976091781,2026-09-16T18:04:00,ANSWERED,vb-310,0.12
C0000486,+5511974142265,2026-07-31T11:42:00,NO_ANSWER,vb-657,0.12
C0000474,+5511990512805,2026-08-06T13:05:00,WRONG_PERSON,vb-641,0.12
C0000259,+5511946231955,2026-08-26T12:12:00,WRONG_PERSON,vb-356,0.12
C0000377,+5511940980376,2026-08-10T18:28:00,WRONG_PERSON,vb-508,0.12
C0000236,+5511950999730,2026-08-07T18:21:00,ANSWERED,vb-331,0.12
C0000067,+5511913523729,2026-09-16T11:17:00,NO_ANSWER,vb-100,0.12
C0000148,+5511982894477,2026-08-24T15:47:00,NO_ANSWER,vb-208,0.12
C0000201,+5511961226775,2026-08-10T09:32:00,WRONG_PERSON,vb-285,0.12
C0000399,+5511973207479,2026-08-25T13:22:00,ANSWERED,vb-539,0.12
C0000298,+5511970516875,2026-08-24T10:01:00,INVALID_NUMBER,vb-410,0.12
C0000205,+5511977730769,2026-08-26T17:51:00,NO_ANSWER,vb-291,0.12
C0000383,+5511986551556,2026-09-11T18:44:00,NO_ANSWER,vb-519,0.12
C0000125,+5511965556767,2026-09-17T19:35:00,INVALID_NUMBER,vb-181,0.12
C0000194,+5511914102122,2026-09-03T10:18:00,NO_ANSWER,vb-277,0.12
C0000285,+5511967722445,2026-09-14T13:11:00,BUSY_NETWORK,vb-398,0.12
C0000060,+5511942691263,2026-08-27T15:02:00,NO_ANSWER,vb-90,0.12
C0000319,+5511962342586,2026-07-27T19:53:00,NO_ANSWER,vb-443,0.12
C0000460,+5511960291405,2026-09-06T16:46:00,NO_ANSWER,vb-621,0.12
C0000037,+5511923492385,2026-09-23T17:07:00,ANSWERED,vb-46,0.12
C0000318,+5511953671508,2026-09-11T08:28:00,ANSWERED,vb-441,0.12
C0000404,+5511930639394,2026-08-14T10:37:00,INVALID_NUMBER,vb-549,0.12
C0000472,+5511953309319,2026-08-16T16:16:00,ANSWERED,vb-639,0.12
C0000234,+5511983665549,2026-08-04T18:19:00,NO_ANSWER,vb-327,0.12
C0000499,+5511929940502,2026-09-06T10:20:00,ANSWERED,vb-669,0.12
C0000405,+5511996388439,2026-09-04T19:53:00,NO_ANSWER,vb-553,0.12
C0000259,+5511946231955,2026-09-13T11:47:00,NO_ANSWER,vb-358,0.12
C0000476,+5511928021013,2026-09-21T19:12:00,WRONG_PERSON,vb-643,0.12
C0000449,+5511919180999,2026-08-21T09:26:00,NO_ANSWER,vb-604,0.12
C0000017,+5511984252420,2026-08-23T12:42:00,NO_ANSWER,vb-22,0.12
C0000464,+5511969825080,2026-07-28T14:40:00,INVALID_NUMBER,vb-626,0.12
C0000351,+5511967163632,2026-08-13T09:53:00,NO_ANSWER,vb-478,0.12
C0000256,+5511941522559,2026-08-05T13:46:00,ANSWERED,vb-350,0.12
C0000132,+5511941157840,2026-08-02T09:39:00,ANSWERED,vb-187,0.12
C0000281,+5511947038339,2026-09-21T08:31:00,NO_ANSWER,vb-392,0.12
C0000215,+5511984776858,2026-08-18T12:01:00,NO_ANSWER,vb-306,0.12
C0000427,+5511926222417,2026-08-03T11:05:00,NO_ANSWER,vb-579,0.12
C0000029,+5511950079111,2026-07-31T15:16:00,ANSWERED,vb-38,0.12
C0000014,+5511919196777,2026-09-16T09:37:00,NO_ANSWER,vb-16,0.12
C0000192,+5511953066216,2026-09-06T18:42:00,BUSY_NETWORK,vb-274,0.12
C0000138,+5511919282319,2026-09-19T14:48:00,ANSWERED,vb-197,0.12
C0000441,+5511980206603,2026-08-28T13:32:00,NO_ANSWER,vb-596,0.12
C0000157,+5511989131271,2026-08-25T19:26:00,NO_ANSWER,vb-219,0.12
C0000308,+5511950177237,2026-08-10T16:58:00,NO_ANSWER,vb-432,0.12
C0000097,+5511918041391,2026-08-24T19:19:00,NO_ANSWER,vb-131,0.12
C0000194,+5511914102122,2026-09-03T10:18:00,NO_ANSWER,vb-277,0.12
C0000025,+5511998054615,2026-08-01T18:39:00,NO_ANSWER,vb-33,0.12
C0000055,+5511932084778,2026-09-21T15:49:00,NO_ANSWER,vb-81,0.12
C0000452,+5511928420515,2026-09-06T19:49:00,WRONG_PERSON,vb-610,0.12
C0000041,+5511996924061,2026-07-28T15:32:00,INVALID_NUMBER,vb-56,0.12
C0000319,+5511937603443,2026-09-14T13:34:00,ANSWERED,vb-444,0.12
C0000435,+5511997652074,2026-08-03T14:06:00,NO_ANSWER,vb-588,0.12
C0000050,+5511922130508,2026-08-23T10:42:00,NO_ANSWER,vb-67,0.12
C0000089,+5511934220459,2026-08-16T17:55:00,NO_ANSWER,vb-121,0.12
C0000271,+5511943999060,2026-09-06T15:26:00,NO_ANSWER,vb-374,0.12
C0000259,+5511986693314,2026-08-25T17:09:00,INVALID_NUMBER,vb-354,0.12
C0000045,+5511979583757,2026-08-15T15:32:00,NO_ANSWER,vb-61,0.12
C0000369,+5511958663129,2026-09-19T14:29:00,NO_ANSWER,vb-501,0.12
C0000402,+5511976425800,2026-08-28T14:57:00,ANSWERED,vb-545,0.12
C0000065,+5511927463800,2026-09-23T11:21:00,NO_ANSWER,vb-96,0.12
C0000302,+5511954440977,2026-09-17T08:56:00,NO_ANSWER,vb-421,0.12
C0000053,+5511948412328,2026-09-05T15:10:00,NO_ANSWER,vb-71,0.12
C0000330,+5511952046364,2026-09-11T12:15:00,NO_ANSWER,vb-453,0.12
C0000496,+5511962587561,2026-08-31T17:40:00,NO_ANSWER,vb-663,0.12
C0000276,+5511980222787,2026-08-11T19:38:00,NO_ANSWER,vb-381,0.12
C0000215,+5511984776858,2026-08-19T13:56:00,NO_ANSWER,vb-305,0.12
C0000327,+5511989932574,2026-09-01T10:17:00,NO_ANSWER,vb-450,0.12
C0000164,+5511958852098,2026-09-08T11:07:00,NO_ANSWER,vb-233,0.12
C0000481,+5511936068867,2026-08-21T17:09:00,ANSWERED,vb-651,0.12
C0000339,+5511924271532,2026-08-25T10:21:00,INVALID_NUMBER,vb-466,0.12
C0000303,+5511987707540,2026-09-04T15:21:00,NO_ANSWER,vb-422,0.12
C0000299,+5511921449650,2026-08-11T13:11:00,NO_ANSWER,vb-413,0.12
C0000384,+5511922342371,2026-08-06T16:27:00,WRONG_PERSON,vb-522,0.12
C0000294,+5511992138779,2026-08-05T11:56:00,NO_ANSWER,vb-404,0.12
C0000266,+5511990128487,2026-09-12T09:31:00,NO_ANSWER,vb-368,0.12
C0000384,+5511981918425,2026-09-05T16:29:00,IDENTITY_CONFIRMED,vb-521,0.12
C0000388,+5511921264832,2026-08-11T08:15:00,NO_ANSWER,vb-525,0.12
C0000416,+5511955329991,2026-09-21T09:25:00,ANSWERED,vb-564,0.12
C0000180,+5511992370625,2026-09-08T15:00:00,NO_ANSWER,vb-262,0.12
C0000330,+5511911137651,2026-08-01T18:38:00,NO_ANSWER,vb-452,0.12
C0000335,+5511958173202,2026-08-02T15:13:00,WRONG_PERSON,vb-460,0.12
C0000105,+5511952103092,2026-08-04T11:41:00,ANSWERED,vb-151,0.12
C0000241,+5511939917031,2026-09-17T15:31:00,WRONG_PERSON,vb-338,0.12
C0000102,+5511984870921,2026-08-31T11:03:00,ANSWERED,vb-140,0.12
C0000143,+5511959095909,2026-09-08T15:55:00,NO_ANSWER,vb-202,0.12
C0000163,+5511986086168,2026-09-16T08:51:00,NO_ANSWER,vb-231,0.12
C0000237,+5511994775473,2026-08-13T18:32:00,INVALID_NUMBER,vb-334,0.12
C0000398,+5511959611937,2026-09-08T15:45:00,NO_ANSWER,vb-538,0.12
C0000402,+5511976425800,2026-08-13T16:59:00,NO_ANSWER,vb-544,0.12
C0000269,+5511929607576,2026-08-19T10:13:00,INVALID_NUMBER,vb-372,0.12
C0000239,+5511986015183,2026-09-17T12:50:00,NO_ANSWER,vb-336,0.12
C0000201,+5511961226775,2026-08-27T08:44:00,NO_ANSWER,vb-287,0.12
C0000037,+5511916109013,2026-08-31T16:30:00,ANSWERED,vb-50,0.12
C0000469,+5511969144114,2026-09-17T14:20:00,ANSWERED,vb-635,0.12
C0000398,+5511941606345,2026-09-05T17:56:00,NO_ANSWER,vb-537,0.12
C0000175,+5511958199211,2026-09-08T13:57:00,NO_ANSWER,vb-258,0.12
C0000218,+5511994992096,2026-09-23T17:13:00,WRONG_PERSON,vb-313,0.12
C0000163,+5511945292504,2026-08-31T08:04:00,NO_ANSWER,vb-232,0.12
C0000479,+5511921171324,2026-09-19T10:37:00,NO_ANSWER,vb-648,0.12
C0000095,+5511940262109,2026-09-13T09:28:00,ANSWERED,vb-129,0.12
C0000364,+5511930672747,2026-09-20T09:40:00,NO_ANSWER,vb-494,0.12
C0000175,+5511994658420,2026-09-10T16:21:00,NO_ANSWER,vb-255,0.12
C0000291,+5511913954845,2026-07-29T13:03:00,ANSWERED,vb-401,0.12
C0000338,+5511997755782,2026-09-11T09:23:00,INVALID_NUMBER,vb-465,0.12
C0000310,+5511950618137,2026-09-07T13:58:00,WRONG_PERSON,vb-435,0.12
C0000410,+5511924271459,2026-08-29T19:47:00,NO_ANSWER,vb-557,0.12
C0000441,+5511980206603,2026-08-31T15:30:00,IDENTITY_CONFIRMED,vb-597,0.12
C0000151,+5511998032908,2026-07-29T11:04:00,INVALID_NUMBER,vb-212,0.12
C0000105,+5511952103092,2026-08-24T12:49:00,ANSWERED,vb-150,0.12
C0000196,+5511996888739,2026-08-24T09:33:00,ANSWERED,vb-281,0.12
C0000058,+5511982503409,2026-09-05T16:51:00,IDENTITY_CONFIRMED,vb-84,0.12
C0000355,+5511973606441,2026-09-18T09:58:00,ANSWERED,vb-485,0.12
C0000078,+5511999941500,2026-08-20T08:58:00,ANSWERED,vb-108,0.12
C0000098,+5511926444612,2026-08-20T12:34:00,IDENTITY_CONFIRMED,vb-133,0.12
C0000379,+5511960511038,2026-09-13T08:35:00,NO_ANSWER,vb-511,0.12
C0000003,+5511960929647,2026-09-05T17:45:00,NO_ANSWER,vb-2,0.12
C0000415,+5511927327046,2026-09-17T10:52:00,NO_ANSWER,vb-562,0.12
C0000298,+5511937102854,2026-08-25T08:33:00,NO_ANSWER,vb-408,0.12
C0000114,+5511941715995,2026-07-31T19:48:00,NO_ANSWER,vb-166,0.12
C0000162,+5511928416255,2026-08-11T10:06:00,NO_ANSWER,vb-230,0.12
C0000438,+5511926564560,2026-09-18T08:53:00,ANSWERED,vb-591,0.12
C0000120,+5511942301683,2026-09-17T09:46:00,IDENTITY_CONFIRMED,vb-176,0.12
C0000244,+5511932511225,2026-09-07T08:03:00,ANSWERED,vb-341,0.12
C0000468,+5511931658249,2026-09-13T15:25:00,NO_ANSWER,vb-633,0.12
C0000031,+5511943859311,2026-09-19T12:31:00,NO_ANSWER,vb-39,0.12
C0000378,+5511972548391,2026-08-20T13:52:00,NO_ANSWER,vb-509,0.12
C0000103,+5511950162553,2026-08-03T08:46:00,NO_ANSWER,vb-144,0.12
C0000186,+5511945568288,2026-08-06T08:28:00,INVALID_NUMBER,vb-268,0.12
C0000417,+5511971355706,2026-07-29T18:22:00,NO_ANSWER,vb-566,0.12
C0000031,+5511943859311,2026-08-27T17:59:00,NO_ANSWER,vb-40,0.12
C0000382,+5511918791292,2026-08-10T15:09:00,NO_ANSWER,vb-517,0.12
C0000388,+5511996475652,2026-08-07T12:15:00,NO_ANSWER,vb-526,0.12
C0000468,+5511931658249,2026-09-01T19:52:00,NO_ANSWER,vb-634,0.12
C0000468,+5511931658249,2026-08-06T16:23:00,NO_ANSWER,vb-632,0.12
C0000249,+5511916986408,2026-08-10T11:31:00,NO_ANSWER,vb-345,0.12
C0000410,+5511991074604,2026-09-06T18:50:00,ANSWERED,vb-556,0.12
C0000411,+5511963015631,2026-08-03T10:06:00,NO_ANSWER,vb-559,0.12
C0000317,+5511983544472,2026-09-13T12:06:00,NO_ANSWER,vb-439,0.12
C0000235,+5511970484679,2026-09-13T17:14:00,NO_ANSWER,vb-329,0.12
C0000077,+5511994676162,2026-09-23T18:48:00,NO_ANSWER,vb-107,0.12
C0000263,+5511920746107,2026-08-07T18:59:00,NO_ANSWER,vb-362,0.12
C0000300,+5511916886777,2026-09-14T19:20:00,WRONG_PERSON,vb-414,0.12
C0000257,+5511974732147,2026-08-23T17:54:00,NO_ANSWER,vb-352,0.12
C0000171,+5511929907683,2026-08-15T13:21:00,NO_ANSWER,vb-248,0.12
C0000453,+5511927554964,2026-08-22T17:05:00,NO_ANSWER,vb-611,0.12
C0000108,+5511944419327,2026-09-02T15:19:00,WRONG_PERSON,vb-154,0.12
C0000207,+5511947944260,2026-08-01T15:39:00,NO_ANSWER,vb-294,0.12
C0000222,+5511931600382,2026-08-28T12:10:00,NO_ANSWER,vb-315,0.12
C0000017,+5511984252420,2026-09-15T15:54:00,NO_ANSWER,vb-21,0.12
C0000390,+5511946849119,2026-08-26T19:12:00,NO_ANSWER,vb-527,0.12
C0000059,+5511959302863,2026-08-25T13:13:00,NO_ANSWER,vb-88,0.12
C0000011,+5511917270733,2026-08-03T18:20:00,IDENTITY_CONFIRMED,vb-9,0.12
C0000290,+5511954770958,2026-08-29T11:01:00,IDENTITY_CONFIRMED,vb-400,0.12
C0000088,+5511954550177,2026-07-29T12:37:00,ANSWERED,vb-120,0.12
C0000161,+5511995971459,2026-09-09T08:13:00,IDENTITY_CONFIRMED,vb-227,0.12
C0000363,+5511960435319,2026-08-21T10:31:00,INVALID_NUMBER,vb-490,0.12
C0000059,+5511958678896,2026-09-14T18:37:00,NO_ANSWER,vb-87,0.12
C0000278,+5511919447334,2026-09-19T11:58:00,NO_ANSWER,vb-387,0.12
C0000097,+5511972336371,2026-09-11T16:33:00,NO_ANSWER,vb-132,0.12
C0000382,+5511918791292,2026-09-19T15:33:00,ANSWERED,vb-516,0.12
C0000146,+5511911286267,2026-09-14T10:13:00,NO_ANSWER,vb-204,0.12
C0000177,+5511986188876,2026-09-03T09:43:00,NO_ANSWER,vb-260,0.12
C0000066,+5511990585678,2026-08-18T17:45:00,NO_ANSWER,vb-97,0.12
C0000117,+5511951361818,2026-09-24T15:35:00,WRONG_PERSON,vb-171,0.12
C0000037,+5511916109013,2026-08-31T16:30:00,ANSWERED,vb-50,0.12
C0000474,+5511962152370,2026-09-03T15:58:00,ANSWERED,vb-642,0.12
C0000061,+5511927447248,2026-08-18T14:18:00,NO_ANSWER,vb-92,0.12
C0000005,+5511963606628,2026-08-14T18:18:00,NO_ANSWER,vb-4,0.12
C0000408,+5511929945631,2026-08-01T09:52:00,WRONG_PERSON,vb-554,0.12
C0000485,+5511935754346,2026-09-04T18:42:00,NO_ANSWER,vb-655,0.12
C0000275,+5511945346140,2026-08-26T11:32:00,NO_ANSWER,vb-378,0.12
C0000150,+5511981441519,2026-08-11T11:48:00,NO_ANSWER,vb-211,0.12
C0000487,+5511945679876,2026-09-08T08:28:00,NO_ANSWER,vb-659,0.12
C0000276,+5511965003032,2026-08-26T10:45:00,WRONG_PERSON,vb-380,0.12
C0000304,+5511924670297,2026-09-13T14:31:00,ANSWERED,vb-425,0.12
C0000295,+5511940369856,2026-09-21T13:38:00,NO_ANSWER,vb-407,0.12
C0000395,+5511953967101,2026-09-23T16:34:00,NO_ANSWER,vb-531,0.12
C0000346,+5511937140286,2026-08-21T17:32:00,NO_ANSWER,vb-473,0.12
C0000479,+5511921171324,2026-09-19T10:37:00,NO_ANSWER,vb-648,0.12
C0000298,+5511970516875,2026-09-18T16:37:00,INVALID_NUMBER,vb-412,0.12
C0000041,+5511998742485,2026-09-22T11:18:00,NO_ANSWER,vb-58,0.12
C0000041,+5511945507920,2026-09-13T10:25:00,NO_ANSWER,vb-57,0.12
C0000176,+5511945772648,2026-09-04T11:49:00,NO_ANSWER,vb-259,0.12
C0000162,+5511928416255,2026-08-06T12:13:00,WRONG_PERSON,vb-229,0.12
C0000147,+5511949203644,2026-08-11T16:52:00,NO_ANSWER,vb-206,0.12
C0000033,+5511936619372,2026-08-27T15:48:00,INVALID_NUMBER,vb-43,0.12
C0000280,+5511959891348,2026-09-11T15:12:00,NO_ANSWER,vb-388,0.12
C0000397,+5511935574404,2026-08-31T11:20:00,NO_ANSWER,vb-536,0.12
C0000040,+5511998641164,2026-08-13T19:46:00,INVALID_NUMBER,vb-52,0.12
C0000013,+5511987736262,2026-08-03T08:47:00,NO_ANSWER,vb-14,0.12
C0000253,+5511977946127,2026-08-09T10:07:00,NO_ANSWER,vb-348,0.12
C0000173,+5511954499873,2026-08-22T18:02:00,INVALID_NUMBER,vb-253,0.12
C0000139,+5511924679315,2026-09-14T13:46:00,NO_ANSWER,vb-198,0.12
C0000332,+5511949536330,2026-08-07T09:51:00,NO_ANSWER,vb-456,0.12
C0000139,+5511924679315,2026-09-14T13:46:00,NO_ANSWER,vb-198,0.12
C0000080,+5511965144509,2026-08-13T12:42:00,NO_ANSWER,vb-111,0.12
C0000420,+5511952252354,2026-08-10T12:04:00,NO_ANSWER,vb-571,0.12
C0000413,+5511975243366,2026-09-23T13:40:00,NO_ANSWER,vb-560,0.12
C0000361,+5511921727533,2026-09-18T16:46:00,WRONG_PERSON,vb-489,0.12
C0000191,+5511963917932,2026-08-12T17:59:00,INVALID_NUMBER,vb-271,0.12
C0000117,+5511910404729,2026-09-23T11:42:00,NO_ANSWER,vb-170,0.12
C0000210,+5511946484819,2026-07-27T11:03:00,WRONG_PERSON,vb-298,0.12
C0000259,+5511940677709,2026-09-06T18:57:00,NO_ANSWER,vb-355,0.12
C0000352,+5511996996261,2026-09-07T15:02:00,NO_ANSWER,vb-479,0.12
C0000323,+5511941776042,2026-08-30T18:37:00,NO_ANSWER,vb-448,0.12
C0000465,+5511956544270,2026-07-31T18:26:00,WRONG_PERSON,vb-628,0.12
C0000084,+5511918429833,2026-08-06T17:51:00,NO_ANSWER,vb-115,0.12
C0000160,+5511911851322,2026-08-18T09:18:00,NO_ANSWER,vb-226,0.12
C0000061,+5511927447248,2026-08-31T13:25:00,ANSWERED,vb-91,0.12
C0000116,+5511985721444,2026-09-24T18:06:00,INVALID_NUMBER,vb-168,0.12
C0000036,+5511981259135,2026-09-16T08:53:00,NO_ANSWER,vb-44,0.12
C0000105,+5511952103092,2026-08-25T18:37:00,NO_ANSWER,vb-152,0.12
C0000268,+5511930421134,2026-08-29T19:06:00,NO_ANSWER,vb-370,0.12
C0000114,+5511941715995,2026-09-05T10:31:00,NO_ANSWER,vb-165,0.12
C0000284,+5511916618423,2026-07-29T19:33:00,WRONG_PERSON,vb-394,0.12
C0000337,+5511982551667,2026-08-21T10:04:00,NO_ANSWER,vb-462,0.12
C0000445,+5511969313284,2026-09-10T12:51:00,NO_ANSWER,vb-603,0.12
C0000260,+5511931923376,2026-09-05T17:19:00,INVALID_NUMBER,vb-359,0.12
C0000102,+5511962868861,2026-08-02T12:11:00,NO_ANSWER,vb-143,0.12
C0000168,+5511922485824,2026-09-07T16:37:00,INVALID_NUMBER,vb-240,0.12
C0000055,+5511932084778,2026-08-11T11:49:00,ANSWERED,vb-78,0.12
C0000191,+5511964086249,2026-08-07T19:08:00,INVALID_NUMBER,vb-272,0.12
C0000126,+5511957268285,2026-08-11T17:50:00,IDENTITY_CONFIRMED,vb-183,0.12
C0000157,+5511989131271,2026-07-27T19:05:00,NO_ANSWER,vb-220,0.12
C0000278,+5511919447334,2026-08-06T19:08:00,NO_ANSWER,vb-384,0.12
C0000020,+5511913326769,2026-08-03T08:31:00,WRONG_PERSON,vb-26,0.12
C0000013,+5511935487660,2026-09-01T09:07:00,ANSWERED,vb-13,0.12
C0000280,+5511953412847,2026-08-01T19:37:00,ANSWERED,vb-390,0.12
C0000445,+5511969313284,2026-08-08T15:22:00,NO_ANSWER,vb-601,0.12
C0000453,+5511927554964,2026-09-22T19:00:00,WRONG_PERSON,vb-612,0.12
C0000149,+5511970362053,2026-08-03T15:47:00,NO_ANSWER,vb-210,0.12
C0000128,+5511934060788,2026-08-01T13:29:00,INVALID_NUMBER,vb-184,0.12
C0000450,+5511993741127,2026-09-24T18:46:00,ANSWERED,vb-606,0.12
C0000203,+5511981274148,2026-09-05T17:55:00,NO_ANSWER,vb-290,0.12
C0000147,+5511949203644,2026-07-27T11:22:00,NO_ANSWER,vb-207,0.12
C0000011,+5511957553014,2026-09-06T19:11:00,NO_ANSWER,vb-10,0.12
C0000125,+5511952980983,2026-09-12T12:36:00,WRONG_PERSON,vb-182,0.12
C0000170,+5511930858851,2026-09-19T17:34:00,NO_ANSWER,vb-244,0.12
C0000037,+5511981690398,2026-08-29T17:36:00,NO_ANSWER,vb-48,0.12
C0000040,+5511998641164,2026-09-09T12:49:00,INVALID_NUMBER,vb-55,0.12
C0000305,+5511992448605,2026-08-16T08:37:00,WRONG_PERSON,vb-427,0.12
C0000026,+5511999600766,2026-08-02T15:22:00,NO_ANSWER,vb-34,0.12
C0000135,+5511961100987,2026-08-07T19:02:00,ANSWERED,vb-191,0.12
C0000403,+5511946613462,2026-08-19T17:47:00,NO_ANSWER,vb-546,0.12
C0000103,+5511950162553,2026-08-14T19:58:00,NO_ANSWER,vb-145,0.12
C0000365,+5511987989327,2026-09-01T11:36:00,IDENTITY_CONFIRMED,vb-495,0.12
C0000101,+5511958657117,2026-09-15T12:17:00,ANSWERED,vb-137,0.12
C0000012,+5511969476001,2026-08-19T18:42:00,NO_ANSWER,vb-12,0.12
C0000338,+5511919668169,2026-09-01T16:55:00,INVALID_NUMBER,vb-464,0.12
C0000044,+5511999943797,2026-09-19T10:37:00,INVALID_NUMBER,vb-60,0.12
C0000351,+5511992208524,2026-08-07T08:01:00,NO_ANSWER,vb-477,0.12
C0000420,+5511913994712,2026-07-31T08:09:00,NO_ANSWER,vb-572,0.12
C0000087,+5511936772387,2026-08-30T08:45:00,ANSWERED,vb-119,0.12
C0000321,+5511961212793,2026-08-23T14:29:00,WRONG_PERSON,vb-446,0.12
C0000218,+5511965629268,2026-09-03T15:06:00,ANSWERED,vb-312,0.12
C0000374,+5511926591378,2026-08-18T11:36:00,NO_ANSWER,vb-505,0.12
C0000205,+5511960357475,2026-09-22T11:40:00,NO_ANSWER,vb-292,0.12
C0000228,+5511935838575,2026-07-30T19:09:00,NO_ANSWER,vb-321,0.12
C0000461,+5511986178952,2026-09-07T10:35:00,IDENTITY_CONFIRMED,vb-624,0.12
C0000276,+5511984016756,2026-08-22T18:18:00,NO_ANSWER,vb-382,0.12
C0000085,+5511999170406,2026-09-02T09:28:00,IDENTITY_CONFIRMED,vb-117,0.12
C0000364,+5511995437748,2026-08-31T11:45:00,ANSWERED,vb-493,0.12
C0000384,+5511963959197,2026-08-31T08:24:00,NO_ANSWER,vb-523,0.12
C0000160,+5511911851322,2026-08-03T09:27:00,NO_ANSWER,vb-224,0.12
C0000182,+5511919099261,2026-09-18T15:35:00,NO_ANSWER,vb-264,0.12
C0000170,+5511970339827,2026-09-10T11:39:00,NO_ANSWER,vb-245,0.12
C0000401,+5511945328305,2026-08-19T14:42:00,NO_ANSWER,vb-543,0.12
C0000223,+5511999186817,2026-09-01T13:52:00,INVALID_NUMBER,vb-317,0.12
C0000214,+5511964126921,2026-08-09T15:23:00,ANSWERED,vb-302,0.12
C0000122,+5511965902739,2026-09-18T13:00:00,NO_ANSWER,vb-179,0.12
C0000156,+5511927870584,2026-09-17T16:06:00,WRONG_PERSON,vb-218,0.12
C0000256,+5511941522559,2026-08-20T09:48:00,NO_ANSWER,vb-351,0.12
C0000278,+5511938977615,2026-09-10T11:39:00,NO_ANSWER,vb-386,0.12
C0000349,+5511939260335,2026-09-16T15:55:00,NO_ANSWER,vb-475,0.12
C0000453,+5511927554964,2026-09-21T10:10:00,NO_ANSWER,vb-613,0.12
C0000078,+5511999941500,2026-08-20T08:58:00,ANSWERED,vb-108,0.12
C0000007,+5511950056581,2026-09-06T13:29:00,NO_ANSWER,vb-6,0.12
C0000009,+5511982383095,2026-08-12T14:11:00,WRONG_PERSON,vb-8,0.12
C0000014,+5511919196777,2026-09-24T11:27:00,NO_ANSWER,vb-15,0.12
C0000436,+5511926505688,2026-09-10T10:38:00,NO_ANSWER,vb-590,0.12
C0000298,+5511970516875,2026-09-15T08:00:00,INVALID_NUMBER,vb-409,0.12
C0000234,+5511983665549,2026-09-03T11:08:00,NO_ANSWER,vb-328,0.12
C0000367,+5511958656970,2026-09-15T15:44:00,NO_ANSWER,vb-498,0.12
C0000343,+5511973674613,2026-09-02T08:56:00,NO_ANSWER,vb-468,0.12
C0000067,+5511913523729,2026-08-07T17:59:00,NO_ANSWER,vb-101,0.12
C0000455,+5511939339153,2026-08-15T15:58:00,ANSWERED,vb-616,0.12
C0000017,+5511984252420,2026-07-30T10:33:00,ANSWERED,vb-19,0.12
C0000259,+5511961121302,2026-09-14T08:13:00,WRONG_PERSON,vb-357,0.12
C0000452,+5511928420515,2026-09-13T12:18:00,WRONG_PERSON,vb-609,0.12
C0000084,+5511918429833,2026-08-09T14:44:00,ANSWERED,vb-116,0.12
C0000028,+5511964707061,2026-08-25T18:30:00,ANSWERED,vb-36,0.12
C0000135,+5511961100987,2026-08-03T13:18:00,NO_ANSWER,vb-192,0.12
C0000366,+5511958474537,2026-08-08T16:57:00,NO_ANSWER,vb-496,0.12
C0000312,+5511923838227,2026-08-26T14:16:00,NO_ANSWER,vb-437,0.12
C0000413,+5511975243366,2026-09-23T13:40:00,NO_ANSWER,vb-560,0.12
C0000092,+5511919939096,2026-07-28T17:37:00,ANSWERED,vb-126,0.12
C0000173,+5511954499873,2026-08-22T16:35:00,INVALID_NUMBER,vb-251,0.12
C0000132,+5511941157840,2026-08-04T12:47:00,NO_ANSWER,vb-188,0.12
C0000037,+5511981690398,2026-08-08T09:36:00,NO_ANSWER,vb-47,0.12
C0000367,+5511950409241,2026-08-22T09:20:00,NO_ANSWER,vb-497,0.12
C0000117,+5511910404729,2026-08-08T15:56:00,NO_ANSWER,vb-172,0.12
C0000056,+5511911868130,2026-08-18T17:12:00,NO_ANSWER,vb-82,0.12
C0000125,+5511952980983,2026-09-12T12:36:00,WRONG_PERSON,vb-182,0.12
C0000418,+5511949208083,2026-09-11T11:46:00,WRONG_PERSON,vb-567,0.12
C0000452,+5511928420515,2026-08-09T11:25:00,NO_ANSWER,vb-608,0.12
C0000006,+5511996028436,2026-08-28T10:47:00,IDENTITY_CONFIRMED,vb-5,0.12
C0000210,+5511925278272,2026-08-19T12:15:00,NO_ANSWER,vb-299,0.12
C0000052,+5511988862539,2026-09-11T19:04:00,NO_ANSWER,vb-69,0.12
C0000160,+5511911851322,2026-08-20T08:08:00,NO_ANSWER,vb-223,0.12
C0000494,+5511926952687,2026-08-25T18:52:00,BUSY_NETWORK,vb-662,0.12
C0000173,+5511969516344,2026-09-21T16:51:00,WRONG_PERSON,vb-249,0.12
C0000142,+5511972015859,2026-09-22T10:15:00,ANSWERED,vb-200,0.12
C0000054,+5511914478111,2026-09-07T11:36:00,WRONG_PERSON,vb-75,0.12
C0000159,+5511958465780,2026-08-17T19:16:00,NO_ANSWER,vb-222,0.12
C0000109,+5511973404979,2026-08-27T15:41:00,INVALID_NUMBER,vb-156,0.12
C0000270,+5511971852177,2026-09-16T18:58:00,IDENTITY_CONFIRMED,vb-373,0.12
C0000068,+5511953537934,2026-09-10T15:43:00,IDENTITY_CONFIRMED,vb-102,0.12
C0000491,+5511998549488,2026-09-18T12:44:00,ANSWERED,vb-661,0.12
C0000171,+5511929907683,2026-08-23T08:17:00,ANSWERED,vb-247,0.12
C0000110,+5511922007214,2026-09-22T19:03:00,ANSWERED,vb-157,0.12
C0000009,+5511926240908,2026-07-31T14:55:00,WRONG_PERSON,vb-7,0.12
C0000023,+5511949682169,2026-09-01T15:51:00,WRONG_PERSON,vb-32,0.12
C0000128,+5511934060788,2026-07-31T14:08:00,INVALID_NUMBER,vb-185,0.12
C0000274,+5511958072427,2026-08-10T12:46:00,NO_ANSWER,vb-376,0.12
C0000380,+5511975425092,2026-09-24T13:59:00,NO_ANSWER,vb-514,0.12
C0000067,+5511945896226,2026-08-11T09:48:00,INVALID_NUMBER,vb-99,0.12
C0000158,+5511935319707,2026-09-06T10:04:00,ANSWERED,vb-221,0.12
C0000285,+5511942522981,2026-08-31T18:50:00,NO_ANSWER,vb-395,0.12
C0000055,+5511949613214,2026-09-13T12:17:00,ANSWERED,vb-79,0.12
C0000496,+5511930495346,2026-09-01T16:10:00,ANSWERED,vb-664,0.12
C0000113,+5511974082804,2026-08-08T18:34:00,ANSWERED,vb-164,0.12
C0000113,+5511974082804,2026-08-07T10:22:00,NO_ANSWER,vb-162,0.12
C0000065,+5511927463800,2026-08-21T13:58:00,IDENTITY_CONFIRMED,vb-94,0.12
C0000004,+5511938538251,2026-08-02T08:24:00,NO_ANSWER,vb-3,0.12
C0000416,+5511955329991,2026-08-29T18:50:00,NO_ANSWER,vb-565,0.12
C0000463,+5511937713235,2026-09-21T18:01:00,INVALID_NUMBER,vb-625,0.12
C0000479,+5511921171324,2026-09-02T16:04:00,ANSWERED,vb-647,0.12
C0000484,+5511919373966,2026-07-31T12:01:00,NO_ANSWER,vb-654,0.12
C0000455,+5511937246265,2026-08-02T09:03:00,NO_ANSWER,vb-617,0.12
C0000482,+5511971132251,2026-09-19T08:05:00,NO_ANSWER,vb-652,0.12
C0000374,+5511976547299,2026-09-06T18:52:00,NO_ANSWER,vb-506,0.12
C0000148,+5511982894477,2026-09-24T10:52:00,NO_ANSWER,vb-209,0.12
C0000102,+5511962868861,2026-09-24T16:41:00,ANSWERED,vb-139,0.12
C0000052,+5511988862539,2026-09-10T13:02:00,WRONG_PERSON,vb-70,0.12
C0000444,+5511943172390,2026-08-28T09:44:00,INVALID_NUMBER,vb-600,0.12
C0000308,+5511950177237,2026-08-29T10:32:00,NO_ANSWER,vb-431,0.12
C0000354,+5511918808386,2026-09-01T15:19:00,ANSWERED,vb-481,0.12
C0000193,+5511986325904,2026-08-02T12:01:00,NO_ANSWER,vb-275,0.12
C0000138,+5511950645509,2026-09-08T11:55:00,ANSWERED,vb-196,0.12
C0000439,+5511958025924,2026-09-24T17:03:00,ANSWERED,vb-594,0.12
C0000294,+5511992138779,2026-09-15T19:19:00,WRONG_PERSON,vb-405,0.12
C0000092,+5511969741812,2026-09-22T16:23:00,NO_ANSWER,vb-125,0.12
C0000022,+5511935511941,2026-08-05T10:02:00,NO_ANSWER,vb-29,0.12
C0000498,+5511987266743,2026-09-12T17:30:00,INVALID_NUMBER,vb-667,0.12
C0000174,+5511929948970,2026-09-02T09:22:00,INVALID_NUMBER,vb-254,0.12
C0000410,+5511924271459,2026-08-19T08:12:00,ANSWERED,vb-558,0.12
C0000069,+5511948016697,2026-09-15T17:33:00,IDENTITY_CONFIRMED,vb-104,0.12
C0000168,+5511929109045,2026-08-31T15:31:00,NO_ANSWER,vb-241,0.12
C0000164,+5511958852098,2026-09-01T19:29:00,IDENTITY_CONFIRMED,vb-234,0.12
C0000408,+5511929945631,2026-08-01T09:52:00,WRONG_PERSON,vb-554,0.12
C0000423,+5511944863921,2026-09-10T17:13:00,NO_ANSWER,vb-575,0.12
C0000037,+5511958436637,2026-09-06T18:02:00,WRONG_PERSON,vb-49,0.12
C0000196,+5511996888739,2026-08-01T19:19:00,ANSWERED,vb-280,0.12
C0000215,+5511984776858,2026-09-07T19:21:00,NO_ANSWER,vb-307,0.12
C0000166,+5511971303434,2026-09-12T18:43:00,INVALID_NUMBER,vb-236,0.12
C0000060,+5511942691263,2026-09-08T18:04:00,NO_ANSWER,vb-89,0.12
C0000306,+5511951308532,2026-09-23T12:21:00,WRONG_PERSON,vb-428,0.12
C0000237,+5511994775473,2026-08-01T16:01:00,INVALID_NUMBER,vb-332,0.12
C0000470,+5511969590884,2026-08-18T19:14:00,ANSWERED,vb-637,0.12
C0000316,+5511971906810,2026-09-15T17:55:00,WRONG_PERSON,vb-438,0.12
C0000285,+5511967722445,2026-07-27T13:13:00,NO_ANSWER,vb-396,0.12
C0000059,+5511958678896,2026-08-05T17:41:00,NO_ANSWER,vb-86,0.12
C0000266,+5511990128487,2026-08-29T19:55:00,NO_ANSWER,vb-369,0.12
C0000472,+5511953309319,2026-08-18T10:36:00,NO_ANSWER,vb-638,0.12
C0000498,+5511987266743,2026-09-04T10:21:00,INVALID_NUMBER,vb-666,0.12
C0000173,+5511969516344,2026-08-16T17:42:00,NO_ANSWER,vb-252,0.12
C0000017,+5511984252420,2026-08-17T18:42:00,ANSWERED,vb-20,0.12
C0000178,+5511927514010,2026-09-20T14:14:00,NO_ANSWER,vb-261,0.12
C0000456,+5511964888712,2026-09-07T08:37:00,WRONG_PERSON,vb-619,0.12
C0000175,+5511912621269,2026-09-11T11:42:00,NO_ANSWER,vb-257,0.12
C0000196,+5511996888739,2026-08-17T12:06:00,NO_ANSWER,vb-279,0.12
C0000120,+5511923542127,2026-08-05T15:49:00,NO_ANSWER,vb-174,0.12
C0000467,+5511936092407,2026-08-29T11:20:00,NO_ANSWER,vb-631,0.12
C0000354,+5511918808386,2026-08-10T18:52:00,WRONG_PERSON,vb-483,0.12
C0000396,+5511972065617,2026-08-03T12:22:00,NO_ANSWER,vb-535,0.12
C0000395,+5511970597948,2026-09-07T10:36:00,NO_ANSWER,vb-533,0.12
C0000285,+5511967722445,2026-07-27T13:13:00,NO_ANSWER,vb-396,0.12
C0000416,+5511955329991,2026-08-12T12:26:00,NO_ANSWER,vb-563,0.12
C0000382,+5511918791292,2026-09-12T08:18:00,NO_ANSWER,vb-515,0.12
C0000119,+5511983074216,2026-08-07T12:11:00,NO_ANSWER,vb-173,0.12
C0000294,+5511913516265,2026-09-23T10:43:00,IDENTITY_CONFIRMED,vb-406,0.12
