customer_doc,wa_number,event_at,status,message_id
10000018147,5511920443030,2026-08-07 15:05:00,failed_not_on_whatsapp,wamid.ed
10000009822,5511926444612,2026-08-24 14:04:00,delivered,wamid.7c
10000023736,5511994775473,2026-08-06 16:23:00,delivered,wamid.12f
10000018147,5511976596831,2026-09-01 19:42:00,identity_verified,wamid.ee
10000036390,5511946685578,2026-08-07 10:32:00,delivered,wamid.1cd
10000045039,5511995733862,2026-08-28 09:59:00,delivered,wamid.245
10000007455,5511953380275,2026-09-05 18:26:00,failed_not_on_whatsapp,wamid.57
10000009580,5511926664623,2026-08-10 16:57:00,read,wamid.74
10000016446,5511958852098,2026-08-08 10:46:00,read,wamid.d7
10000043923,5511912655050,2026-09-24 08:18:00,pending,wamid.239
10000003204,5511925372341,2026-08-06 16:44:00,failed_not_on_whatsapp,wamid.1e
10000002496,5511948089166,2026-09-16 15:56:00,pending,wamid.17
10000026670,5511990128487,2026-08-11 08:30:00,replied,wamid.152
10000016284,5511998322292,2026-08-09 11:43:00,blocked,wamid.cc
10000025356,5511977946127,2026-08-08 18:53:00,read,wamid.146
10000036200,5511969622247,2026-08-01 09:15:00,delivered,wamid.1c5
10000006807,5511955754284,2026-09-17 08:53:00,delivered,wamid.4d
10000047325,5511911608113,2026-08-11 10:32:00,delivered,wamid.264
10000004863,5511914968688,2026-08-20 10:41:00,delivered,wamid.37
10000038849,5511996475652,2026-09-21 08:06:00,failed_not_on_whatsapp,wamid.1ec
10000038687,5511968436893,2026-08-07 12:26:00,replied,wamid.1e6
10000018228,5511919099261,2026-08-08 15:47:00,read,wamid.f0
10000046000,5511927226260,2026-09-13 13:19:00,failed_not_on_whatsapp,wamid.251
10000035408,5511933999716,2026-09-21 17:58:00,failed_not_on_whatsapp,wamid.1b8
10000013854,5511950645509,2026-09-15 09:57:00,failed_not_on_whatsapp,wamid.af
10000004278,5511964023778,2026-08-04 14:26:00,failed_not_on_whatsapp,wamid.2e
10000030945,5511994088862,2026-08-14 18:32:00,read,wamid.182
10000026166,5511948199537,2026-09-17 15:31:00,failed_not_on_whatsapp,wamid.151
10000031917,5511962342586,2026-08-06 18:54:00,read,wamid.18d
10000023736,5511994775473,2026-09-12 18:01:00,blocked,wamid.130
10000015806,5511935319707,2026-09-04 15:31:00,blocked,wamid.c6
10000006564,5511927463800,2026-09-23 13:31:00,replied,wamid.4a
10000012530,5511929585415,2026-07-28 12:31:00,delivered,wamid.9e
10000022683,5511922340723,2026-07-29 14:46:00,failed_not_on_whatsapp,wamid.11f
10000041807,5511949208083,2026-08-18 15:24:00,failed_not_on_whatsapp,wamid.218
10000020710,5511947944260,2026-08-26 18:40:00,replied,wamid.10c
10000025607,5511941522559,2026-08-03 08:33:00,read,wamid.14a
10000007374,5511956892354,2026-09-14 09:07:00,replied,wamid.53
10000000876,5511958718453,2026-09-22 15:58:00,failed_not_on_whatsapp,wamid.8
10000024546,5511992510102,2026-08-17 10:00:00,failed_not_on_whatsapp,wamid.138
10000006998,5511989609131,2026-08-13 10:19:00,failed_not_on_whatsapp,wamid.4f
10000023493,5511983665549,2026-08-17 11:49:00,delivered,wamid.12b
10000003468,5511982232344,2026-08-11 12:44:00,wrong_person,wamid.21
10000016446,5511958852098,2026-09-22 19:19:00,read,wamid.d5
10000019704,5511923732098,2026-08-31 14:23:00,failed_not_on_whatsapp,wamid.103
10000042366,5511944863921,2026-07-29 10:29:00,read,wamid.224
10000004510,5511916927215,2026-09-13 11:11:00,delivered,wamid.34
10000015040,5511981441519,2026-09-09 09:57:00,delivered,wamid.b9
10000035661,5511998014684,2026-09-15 10:54:00,delivered,wamid.1bb
10000034266,5511956688115,2026-09-12 18:06:00,read,wamid.1ad
10000048801,5511963929804,2026-07-30 10:24:00,failed_not_on_whatsapp,wamid.277
10000019380,5511928206610,2026-08-18 13:17:00,delivered,wamid.fb
10000005835,5511999991136,2026-09-03 17:05:00,failed_not_on_whatsapp,wamid.44
10000016284,5511956533974,2026-08-13 08:24:00,failed_not_on_whatsapp,wamid.cd
10000049298,5511922138886,2026-07-29 18:57:00,failed_not_on_whatsapp,wamid.27c
10000028290,5511933206579,2026-09-22 14:35:00,failed_not_on_whatsapp,wamid.166
10000049298,5511922138886,2026-08-05 12:00:00,failed_not_on_whatsapp,wamid.27b
10000041807,5511958538289,2026-09-18 12:57:00,read,wamid.217
10000031674,5511971906810,2026-07-27 10:53:00,delivered,wamid.18b
10000002062,5511913326769,2026-09-18 17:04:00,failed_not_on_whatsapp,wamid.10
10000047750,5511937409946,2026-08-25 08:42:00,delivered,wamid.26a
10000048640,5511974142265,2026-08-11 18:13:00,delivered,wamid.273
10000024970,5511955424358,2026-07-27 19:14:00,failed_not_on_whatsapp,wamid.13f
10000028029,5511952299387,2026-09-13 17:49:00,failed_not_on_whatsapp,wamid.164
10000008770,5511936772387,2026-09-23 09:42:00,wrong_person,wamid.65
10000021792,5511976091781,2026-08-21 18:31:00,replied,wamid.113
10000002305,5511953779528,2026-09-24 14:31:00,replied,wamid.16
10000003620,5511983871890,2026-08-26 12:22:00,delivered,wamid.25
10000035319,5511953011925,2026-08-03 17:45:00,read,wamid.1b4
10000002143,5511954058573,2026-08-12 12:04:00,delivered,wamid.14
10000007889,5511996368203,2026-08-01 15:31:00,failed_not_on_whatsapp,wamid.5b
10000020125,5511961226775,2026-08-01 09:12:00,delivered,wamid.105
10000030945,5511994088862,2026-07-28 14:59:00,read,wamid.184
10000036390,5511960435319,2026-09-03 15:14:00,delivered,wamid.1c6
10000011992,5511983074216,2026-08-30 09:37:00,blocked,wamid.91
10000043338,5511918137886,2026-08-28 08:47:00,read,wamid.232
10000024465,5511932511225,2026-09-19 17:58:00,read,wamid.136
10000018066,5511989047551,2026-08-24 12:43:00,delivered,wamid.ec
10000018813,5511977390918,2026-09-12 12:30:00,delivered,wamid.f3
10000003204,5511959512272,2026-09-01 19:02:00,failed_not_on_whatsapp,wamid.20
10000044148,5511980206603,2026-08-20 17:48:00,replied,wamid.23d
10000023221,5511983245898,2026-08-24 10:58:00,failed_not_on_whatsapp,wamid.129
10000009822,5511926444612,2026-08-11 15:30:00,read,wamid.7b
10000036048,5511992882398,2026-08-18 09:20:00,failed_not_on_whatsapp,wamid.1be
10000020559,5511959203071,2026-08-26 08:43:00,failed_not_on_whatsapp,wamid.109
10000039497,5511910412827,2026-09-17 08:34:00,delivered,wamid.1f8
10000046272,5511936709158,2026-08-17 17:33:00,failed_not_on_whatsapp,wamid.255
10000038415,5511981918425,2026-08-23 08:42:00,identity_verified,wamid.1e4
10000026832,5511930421134,2026-09-20 09:30:00,delivered,wamid.154
10000004782,5511998575748,2026-09-23 14:04:00,delivered,wamid.36
10000041637,5511955329991,2026-08-31 19:45:00,failed_not_on_whatsapp,wamid.214
10000011215,5511928012011,2026-09-21 11:59:00,delivered,wamid.8a
10000025003,5511992405066,2026-09-04 17:18:00,replied,wamid.141
10000002577,5511994525678,2026-09-23 17:43:00,failed_not_on_whatsapp,wamid.19
10000049530,5511977428032,2026-08-20 14:38:00,failed_not_on_whatsapp,wamid.280
10000004197,5511998742485,2026-08-06 13:53:00,failed_not_on_whatsapp,wamid.2d
10000000280,5511935808537,2026-08-28 14:18:00,delivered,wamid.4
10000046604,5511939159454,2026-09-12 19:04:00,failed_not_on_whatsapp,wamid.259
10000010910,5511973404979,2026-09-07 10:00:00,failed_not_on_whatsapp,wamid.89
10000045896,5511928503943,2026-08-09 17:19:00,failed_not_on_whatsapp,wamid.24d
10000042366,5511944863921,2026-08-30 10:23:00,delivered,wamid.223
10000031089,5511959873103,2026-08-18 11:19:00,replied,wamid.186
10000018902,5511920518444,2026-08-03 19:11:00,delivered,wamid.f4
10000049530,5511977428032,2026-08-30 12:25:00,failed_not_on_whatsapp,wamid.27f
10000002577,5511994525678,2026-09-01 14:31:00,failed_not_on_whatsapp,wamid.1c
10000046949,5511969144114,2026-08-04 17:24:00,read,wamid.25e
10000038415,5511981918425,2026-09-06 10:29:00,read,wamid.1e2
10000002143,5511954058573,2026-09-04 10:15:00,replied,wamid.13
10000005320,5511916582607,2026-08-12 12:45:00,failed_not_on_whatsapp,wamid.3e
10000036986,5511958663129,2026-09-21 08:28:00,replied,wamid.1d4
10000034003,5511955030548,2026-08-05 13:12:00,delivered,wamid.1ac
10000004197,5511996924061,2026-08-10 13:47:00,delivered,wamid.2c
10000031755,5511974743230,2026-09-08 10:54:00,delivered,wamid.18c
10000039144,5511951362065,2026-08-15 17:15:00,pending,wamid.1f4
10000048569,5511934525524,2026-08-02 17:19:00,failed_not_on_whatsapp,wamid.270
10000048305,5511966766698,2026-08-21 10:30:00,delivered,wamid.26d
10000015121,5511965243509,2026-09-12 12:42:00,failed_not_on_whatsapp,wamid.bc
10000012882,5511967790557,2026-08-25 12:00:00,failed_not_on_whatsapp,wamid.a0
10000006050,5511942691263,2026-08-06 11:51:00,failed_not_on_whatsapp,wamid.47
10000020710,5511947944260,2026-08-04 13:34:00,delivered,wamid.10b
10000032646,5511947711414,2026-09-03 09:27:00,wrong_person,wamid.196
10000008508,5511980260907,2026-07-30 10:42:00,delivered,wamid.62
10000040665,5511948243447,2026-09-21 19:46:00,failed_not_on_whatsapp,wamid.205
10000039144,5511951362065,2026-08-25 10:57:00,failed_not_on_whatsapp,wamid.1f3
10000038687,5511936930522,2026-08-04 18:24:00,delivered,wamid.1e7
10000017094,5511930858851,2026-08-05 13:03:00,read,wamid.de
10000035408,5511933999716,2026-08-21 08:26:00,failed_not_on_whatsapp,wamid.1b6
10000032647,5511930285078,2026-09-09 12:47:00,read,wamid.198
10000047406,5511962152370,2026-07-31 12:55:00,failed_not_on_whatsapp,wamid.267
10000016608,5511971303434,2026-07-27 16:23:00,delivered,wamid.d9
10000047163,5511955247029,2026-09-06 08:02:00,failed_not_on_whatsapp,wamid.262
10000036390,5511946685578,2026-08-02 12:41:00,pending,wamid.1c9
10000002577,5511998054615,2026-09-06 09:32:00,failed_not_on_whatsapp,wamid.18
10000026751,5511948208680,2026-08-30 17:44:00,delivered,wamid.153
10000027308,5511981988124,2026-09-05 14:24:00,failed_not_on_whatsapp,wamid.15a
10000004197,5511945507920,2026-08-20 14:33:00,failed_not_on_whatsapp,wamid.2b
10000011304,5511974082804,2026-07-28 17:39:00,replied,wamid.8c
10000030350,5511950170625,2026-09-11 14:34:00,failed_not_on_whatsapp,wamid.17c
10000007293,5511942657384,2026-09-15 19:14:00,delivered,wamid.52
10000016446,5511958852098,2026-09-02 15:22:00,delivered,wamid.d4
10000036986,5511958663129,2026-09-24 18:23:00,read,wamid.1d5
10000002143,5511919317495,2026-09-04 12:19:00,delivered,wamid.12
10000017337,5511954499873,2026-09-05 17:09:00,failed_not_on_whatsapp,wamid.e6
10000047597,5511926650536,2026-09-06 18:44:00,failed_not_on_whatsapp,wamid.269
10000039225,5511926381779,2026-08-17 08:33:00,wrong_person,wamid.1f5
10000007889,5511999941500,2026-08-05 18:59:00,failed_not_on_whatsapp,wamid.5a
10000037605,5511964262755,2026-08-01 18:37:00,failed_not_on_whatsapp,wamid.1d9
10000044229,5511996029038,2026-09-07 11:37:00,failed_not_on_whatsapp,wamid.23f
10000015040,5511917966873,2026-08-04 16:36:00,delivered,wamid.b8
10000034347,5511973674613,2026-09-17 19:01:00,read,wamid.1ae
10000005169,5511991804602,2026-08-25 08:22:00,failed_not_on_whatsapp,wamid.3d
10000030007,5511930144703,2026-09-13 15:34:00,blocked,wamid.177
10000014311,5511959095909,2026-09-09 17:39:00,replied,wamid.b3
10000007706,5511994676162,2026-08-13 18:55:00,delivered,wamid.59
10000027561,5511970315326,2026-07-31 09:34:00,pending,wamid.15e
10000042447,5511988060201,2026-08-02 09:34:00,failed_not_on_whatsapp,wamid.227
10000021601,5511970737878,2026-08-19 17:03:00,failed_not_on_whatsapp,wamid.112
10000034002,5511916118522,2026-09-06 19:51:00,delivered,wamid.1ab
10000047082,5511969590884,2026-08-05 18:09:00,read,wamid.261
10000025941,5511961121302,2026-09-08 08:21:00,failed_not_on_whatsapp,wamid.14d
10000031321,5511952746321,2026-09-06 16:58:00,failed_not_on_whatsapp,wamid.188
10000004359,5511946173157,2026-09-21 12:02:00,failed_not_on_whatsapp,wamid.2f
10000020710,5511947944260,2026-08-04 13:34:00,delivered,wamid.10b
10000015121,5511965243509,2026-08-26 16:06:00,failed_not_on_whatsapp,wamid.bd
10000031917,5511962342586,2026-08-21 18:10:00,delivered,wamid.18e
10000025356,5511977946127,2026-09-21 12:09:00,read,wamid.148
10000022926,5511966936428,2026-09-22 18:39:00,read,wamid.124
10000047406,5511986397410,2026-08-17 08:36:00,failed_not_on_whatsapp,wamid.268
10000028533,5511942522981,2026-08-21 12:10:00,delivered,wamid.16b
10000017841,5511910091737,2026-09-12 08:52:00,failed_not_on_whatsapp,wamid.eb
10000008850,5511954550177,2026-08-08 19:21:00,failed_not_on_whatsapp,wamid.67
10000038253,5511918791292,2026-09-04 13:35:00,delivered,wamid.1db
10000003620,5511999115205,2026-09-21 10:51:00,delivered,wamid.24
10000044229,5511996029038,2026-09-20 10:16:00,failed_not_on_whatsapp,wamid.240
10000001503,5511945650176,2026-08-08 12:33:00,failed_not_on_whatsapp,wamid.c
10000044733,5511986935230,2026-08-18 08:10:00,read,wamid.243
10000007889,5511999941500,2026-07-29 12:30:00,failed_not_on_whatsapp,wamid.5e
10000006130,5511927447248,2026-08-08 10:11:00,read,wamid.48
10000006726,5511993446356,2026-07-30 19:18:00,failed_not_on_whatsapp,wamid.4b
10000044652,5511972305089,2026-08-24 15:16:00,failed_not_on_whatsapp,wamid.242
10000013935,5511924679315,2026-09-07 13:38:00,failed_not_on_whatsapp,wamid.b0
10000022845,5511975337822,2026-07-29 12:39:00,failed_not_on_whatsapp,wamid.123
10000000280,5511935808537,2026-08-05 10:06:00,delivered,wamid.3
10000044067,5511976305077,2026-09-19 16:11:00,read,wamid.23b
10000016870,5511922485824,2026-08-16 13:04:00,delivered,wamid.dc
10000024384,5511986808685,2026-08-06 13:16:00,replied,wamid.135
10000023906,5511969890694,2026-08-12 11:42:00,read,wamid.133
10000032808,5511973918769,2026-09-03 13:26:00,identity_verified,wamid.19a
10000013692,5511963108878,2026-09-07 16:38:00,delivered,wamid.a9
10000010162,5511958657117,2026-08-13 19:23:00,read,wamid.80
10000038768,5511930127592,2026-08-03 11:09:00,read,wamid.1e9
10000041394,5511975485030,2026-09-01 11:59:00,delivered,wamid.211
10000033022,5511911137651,2026-09-22 10:37:00,delivered,wamid.19d
10000046868,5511928824809,2026-08-29 10:25:00,delivered,wamid.25d
10000036390,5511960435319,2026-08-26 18:41:00,blocked,wamid.1cb
10000001503,5511950264926,2026-07-29 09:10:00,failed_not_on_whatsapp,wamid.b
10000026913,5511929607576,2026-08-28 13:43:00,failed_not_on_whatsapp,wamid.158
10000045896,5511982897088,2026-09-09 11:43:00,wrong_person,wamid.24f
10000039730,5511927475058,2026-09-01 19:57:00,read,wamid.1fb
10000027804,5511941006711,2026-08-16 16:43:00,delivered,wamid.161
10000049107,5511924155900,2026-09-06 19:41:00,failed_not_on_whatsapp,wamid.27a
10000009580,5511950818905,2026-08-15 19:51:00,blocked,wamid.75
10000045896,5511928503943,2026-08-04 11:08:00,failed_not_on_whatsapp,wamid.250
10000012025,5511942301683,2026-09-05 17:47:00,identity_verified,wamid.97
10000001686,5511931172421,2026-08-27 09:37:00,read,wamid.d
10000044229,5511976514912,2026-09-02 19:59:00,delivered,wamid.23e
10000036471,5511930672747,2026-08-13 15:35:00,failed_not_on_whatsapp,wamid.1ce
10000020206,5511994695784,2026-09-04 16:26:00,wrong_person,wamid.107
10000004430,5511973083727,2026-08-15 08:21:00,read,wamid.31
10000049883,5511987266743,2026-09-18 14:32:00,failed_not_on_whatsapp,wamid.284
10000016012,5511911851322,2026-08-13 15:20:00,read,wamid.ca
10000038253,5511918791292,2026-08-30 14:41:00,delivered,wamid.1dd
10000025860,5511979552316,2026-08-19 10:37:00,failed_not_on_whatsapp,wamid.14c
10000038849,5511975208604,2026-08-01 15:02:00,wrong_person,wamid.1eb
10000040908,5511920974924,2026-09-07 15:45:00,delivered,wamid.20d
10000013269,5511992391596,2026-07-27 12:15:00,delivered,wamid.a7
10000042790,5511980166008,2026-08-12 14:08:00,wrong_person,wamid.22d
10000019208,5511953066216,2026-08-13 19:11:00,wrong_person,wamid.f7
10000042447,5511994254420,2026-07-30 19:48:00,failed_not_on_whatsapp,wamid.228
10000031593,5511972850928,2026-09-21 09:09:00,delivered,wamid.189
10000039225,5511969378298,2026-08-15 16:51:00,failed_not_on_whatsapp,wamid.1f6
10000015717,5511989131271,2026-09-03 09:04:00,read,wamid.c4
10000037443,5511976547299,2026-07-28 10:39:00,failed_not_on_whatsapp,wamid.1d6
10000011800,5511960666702,2026-08-09 13:26:00,delivered,wamid.90
10000026832,5511947864772,2026-08-02 19:00:00,failed_not_on_whatsapp,wamid.155
10000026166,5511975430302,2026-08-05 18:06:00,delivered,wamid.14f
10000033294,5511949536330,2026-08-09 10:57:00,delivered,wamid.1a2
10000019623,5511996888739,2026-08-15 13:42:00,read,wamid.101
10000028703,5511954543739,2026-08-18 16:14:00,read,wamid.16c
10000040150,5511945328305,2026-07-27 14:44:00,failed_not_on_whatsapp,wamid.200
10000048488,5511965947629,2026-08-30 14:27:00,failed_not_on_whatsapp,wamid.26f
10000021954,5511927231111,2026-08-29 19:06:00,failed_not_on_whatsapp,wamid.117
10000043761,5511990465362,2026-08-23 19:59:00,failed_not_on_whatsapp,wamid.238
10000025194,5511978524572,2026-08-17 10:31:00,read,wamid.143
10000028100,5511912912708,2026-08-13 15:23:00,failed_not_on_whatsapp,wamid.165
10000016284,5511928416255,2026-09-07 13:21:00,delivered,wamid.d0
10000034509,5511917293304,2026-08-28 08:18:00,failed_not_on_whatsapp,wamid.1b0
10000029262,5511928536762,2026-08-04 14:02:00,failed_not_on_whatsapp,wamid.16f
10000038920,5511980055957,2026-08-11 11:28:00,identity_verified,wamid.1f0
10000030430,5511924670297,2026-08-21 08:18:00,failed_not_on_whatsapp,wamid.17e
10000013854,5511919282319,2026-08-19 11:00:00,failed_not_on_whatsapp,wamid.ac
10000012025,5511916533225,2026-08-09 09:25:00,blocked,wamid.96
10000016446,5511958852098,2026-09-05 09:44:00,identity_verified,wamid.d3
10000017841,5511910091737,2026-09-01 13:46:00,failed_not_on_whatsapp,wamid.e9
10000018147,5511976596831,2026-08-07 19:32:00,read,wamid.ef
10000041122,5511935262608,2026-08-02 16:40:00,read,wamid.20f
10000030198,5511970899748,2026-08-02 15:14:00,delivered,wamid.179
10000041980,5511965701512,2026-08-20 09:32:00,failed_not_on_whatsapp,wamid.21c
10000012530,5511988387434,2026-08-11 14:53:00,replied,wamid.9d
10000027804,5511941006711,2026-09-14 08:19:00,delivered,wamid.162
10000014745,5511949203644,2026-09-19 18:24:00,read,wamid.b7
10000019542,5511916664050,2026-09-03 11:22:00,read,wamid.ff
10000004510,5511948658617,2026-07-29 09:44:00,failed_not_on_whatsapp,wamid.32
10000016101,5511995971459,2026-09-17 13:32:00,read,wamid.cb
10000022411,5511990985229,2026-08-25 18:21:00,failed_not_on_whatsapp,wamid.11b
10000015202,5511922494970,2026-08-09 18:39:00,read,wamid.bf
10000008850,5511954550177,2026-09-11 17:40:00,failed_not_on_whatsapp,wamid.68
10000041041,5511924271459,2026-09-16 14:25:00,delivered,wamid.20e
10000013854,5511919282319,2026-08-28 18:34:00,failed_not_on_whatsapp,wamid.ad
10000016446,5511958852098,2026-07-30 11:59:00,replied,wamid.d1
10000002810,5511964707061,2026-07-27 13:57:00,delivered,wamid.1d
10000010162,5511958657117,2026-09-08 08:45:00,read,wamid.7f
10000035661,5511998014684,2026-08-18 19:26:00,delivered,wamid.1ba
10000008427,5511918429833,2026-08-12 11:43:00,delivered,wamid.61
10000005916,5511959302863,2026-08-19 14:15:00,failed_not_on_whatsapp,wamid.45
10000004782,5511950071487,2026-09-22 09:32:00,read,wamid.35
10000046787,5511971995701,2026-08-31 13:40:00,failed_not_on_whatsapp,wamid.25b
10000035157,5511992208524,2026-08-30 15:07:00,blocked,wamid.1b3
10000030007,5511930144703,2026-08-08 14:55:00,delivered,wamid.178
10000045896,5511928503943,2026-09-18 14:36:00,failed_not_on_whatsapp,wamid.24e
10000008184,5511917003454,2026-08-20 11:10:00,failed_not_on_whatsapp,wamid.5f
10000012297,5511934679818,2026-09-19 09:08:00,delivered,wamid.9c
10000035319,5511953011925,2026-08-28 15:27:00,replied,wamid.1b5
10000009580,5511948124318,2026-09-15 13:28:00,delivered,wamid.73
10000040746,5511985572241,2026-09-03 12:39:00,replied,wamid.207
10000036471,5511995437748,2026-09-13 09:15:00,read,wamid.1cf
10000008184,5511931751079,2026-09-13 17:32:00,failed_not_on_whatsapp,wamid.60
10000011991,5511983074216,2026-08-06 14:42:00,delivered,wamid.92
10000028290,5511986378602,2026-08-04 08:13:00,failed_not_on_whatsapp,wamid.167
10000013005,5511946385762,2026-08-20 13:16:00,delivered,wamid.a5
10000015717,5511989131271,2026-08-05 16:20:00,read,wamid.c3
10000034851,5511915376584,2026-09-08 14:43:00,failed_not_on_whatsapp,wamid.1b1
10000024708,5511952399610,2026-08-04 10:26:00,read,wamid.13d
10000040827,5511929945631,2026-09-16 17:04:00,failed_not_on_whatsapp,wamid.209
10000027642,5511984016756,2026-07-28 10:22:00,delivered,wamid.160
10000011991,5511983074216,2026-09-08 12:53:00,wrong_person,wamid.93
10000037605,5511964262755,2026-08-01 18:37:00,failed_not_on_whatsapp,wamid.1d9
10000048640,5511974142265,2026-08-08 15:09:00,delivered,wamid.272
10000016446,5511958852098,2026-09-23 14:30:00,blocked,wamid.d2
10000003204,5511925372341,2026-09-11 12:42:00,failed_not_on_whatsapp,wamid.1f
10000002062,5511965259205,2026-08-15 09:24:00,failed_not_on_whatsapp,wamid.f
10000045209,5511928420515,2026-08-02 16:14:00,failed_not_on_whatsapp,wamid.247
10000008184,5511931751079,2026-09-13 17:32:00,failed_not_on_whatsapp,wamid.60
10000043680,5511926505688,2026-07-27 18:47:00,failed_not_on_whatsapp,wamid.234
10000024627,5511974709513,2026-08-12 18:57:00,delivered,wamid.139
10000021954,5511933783708,2026-08-02 09:27:00,delivered,wamid.114
10000049107,5511924155900,2026-08-31 18:04:00,pending,wamid.279
10000015393,5511981729237,2026-08-02 19:00:00,failed_not_on_whatsapp,wamid.c0
10000013773,5511975901885,2026-08-23 15:04:00,failed_not_on_whatsapp,wamid.ab
10000018570,5511930614492,2026-09-02 10:57:00,delivered,wamid.f1
10000049964,5511997254650,2026-08-11 17:23:00,delivered,wamid.287
10000030945,5511994088862,2026-09-14 18:29:00,delivered,wamid.183
10000038253,5511918791292,2026-09-21 14:15:00,delivered,wamid.1dc
10000004006,5511998641164,2026-09-09 13:43:00,wrong_person,wamid.2a
10000047244,5511953309319,2026-08-20 08:50:00,delivered,wamid.263
10000036200,5511965782199,2026-09-09 09:20:00,delivered,wamid.1c3
10000015202,5511947342819,2026-09-19 10:44:00,failed_not_on_whatsapp,wamid.be
10000035408,5511918808386,2026-08-30 10:44:00,failed_not_on_whatsapp,wamid.1b7
10000017841,5511910091737,2026-08-22 18:08:00,failed_not_on_whatsapp,wamid.ea
10000020559,5511960357475,2026-09-19 12:40:00,delivered,wamid.108
10000011304,5511974082804,2026-09-23 14:14:00,identity_verified,wamid.8d
10000027480,5511958072427,2026-07-28 12:54:00,read,wamid.15c
10000009318,5511976306502,2026-08-15 09:15:00,read,wamid.72
10000006300,5511969533928,2026-07-30 13:26:00,delivered,wamid.49
10000039578,5511944987861,2026-07-29 11:18:00,read,wamid.1f9
10000007021,5511933581357,2026-09-02 11:47:00,read,wamid.51
10000028703,5511954543739,2026-09-17 11:39:00,delivered,wamid.16d
10000009660,5511920901547,2026-09-04 19:52:00,read,wamid.7a
10000011649,5511980890196,2026-07-30 12:32:00,delivered,wamid.8f
10000019209,5511953066216,2026-09-21 10:32:00,read,wamid.f8
10000025194,5511932747608,2026-08-19 19:48:00,delivered,wamid.142
10000030945,5511994088862,2026-08-21 13:32:00,delivered,wamid.185
10000010243,5511962868861,2026-09-06 19:28:00,failed_not_on_whatsapp,wamid.81
10000045209,5511928420515,2026-08-14 16:31:00,failed_not_on_whatsapp,wamid.248
10000046515,5511949922892,2026-09-11 18:20:00,delivered,wamid.258
10000033294,5511949536330,2026-08-06 19:31:00,delivered,wamid.1a1
10000025941,5511940677709,2026-09-04 12:59:00,failed_not_on_whatsapp,wamid.14e
10000022845,5511960326016,2026-09-11 14:37:00,blocked,wamid.122
10000035823,5511934762712,2026-09-14 19:22:00,identity_verified,wamid.1bc
10000036552,5511987989327,2026-07-29 14:49:00,read,wamid.1d1
10000003549,5511935643159,2026-08-14 11:06:00,replied,wamid.22
10000028452,5511916618423,2026-08-14 13:09:00,delivered,wamid.169
10000048305,5511966766698,2026-08-19 12:56:00,delivered,wamid.26e
10000010910,5511923448342,2026-09-08 15:34:00,read,wamid.88
10000010839,5511920607151,2026-08-17 18:14:00,delivered,wamid.87
10000036390,5511946685578,2026-09-02 11:47:00,blocked,wamid.1ca
10000021792,5511976091781,2026-08-21 18:31:00,replied,wamid.113
10000024627,5511989060695,2026-07-30 18:11:00,failed_not_on_whatsapp,wamid.13a
10000025194,5511978524572,2026-09-19 10:50:00,delivered,wamid.144
10000049964,5511997254650,2026-09-01 11:24:00,delivered,wamid.286
10000032727,5511989932574,2026-09-24 19:46:00,delivered,wamid.199
10000041980,5511965701512,2026-08-08 14:06:00,failed_not_on_whatsapp,wamid.219
10000017841,5511910091737,2026-07-28 08:21:00,failed_not_on_whatsapp,wamid.e8
10000015121,5511965243509,2026-09-15 12:01:00,failed_not_on_whatsapp,wamid.ba
10000026166,5511975430302,2026-07-30 13:07:00,read,wamid.150
10000014230,5511972015859,2026-09-06 09:52:00,blocked,wamid.b2
10000041718,5511979174131,2026-08-27 11:01:00,wrong_person,wamid.216
10000019976,5511978090647,2026-08-20 16:37:00,delivered,wamid.104
10000035661,5511981157706,2026-09-09 16:35:00,delivered,wamid.1b9
10000042447,5511994254420,2026-08-09 18:30:00,failed_not_on_whatsapp,wamid.229
10000045381,5511960760544,2026-09-23 12:11:00,blocked,wamid.249
10000048640,5511974142265,2026-09-15 11:20:00,delivered,wamid.274
10000039730,5511945729141,2026-09-12 19:14:00,delivered,wamid.1fc
10000021369,5511974683506,2026-09-13 14:02:00,identity_verified,wamid.10f
10000042447,5511994254420,2026-08-29 10:30:00,failed_not_on_whatsapp,wamid.226
10000042609,5511969066531,2026-08-28 08:10:00,failed_not_on_whatsapp,wamid.22a
10000024627,5511989060695,2026-09-24 18:22:00,failed_not_on_whatsapp,wamid.13b
10000008931,5511920746667,2026-08-10 19:15:00,delivered,wamid.69
10000047082,5511969590884,2026-08-17 17:05:00,read,wamid.260
10000017175,5511929907683,2026-09-10 16:47:00,identity_verified,wamid.e0
10000042366,5511944863921,2026-09-16 17:24:00,read,wamid.222
10000009660,5511920901547,2026-09-05 17:42:00,replied,wamid.77
10000033294,5511949536330,2026-09-12 13:47:00,identity_verified,wamid.19f
10000012106,5511989412216,2026-08-16 19:15:00,failed_not_on_whatsapp,wamid.99
10000017256,5511984618850,2026-09-11 17:14:00,wrong_person,wamid.e1
10000004359,5511946173157,2026-08-26 19:15:00,failed_not_on_whatsapp,wamid.30
10000022500,5511990111922,2026-08-13 16:19:00,delivered,wamid.11e
10000024546,5511992510102,2026-08-29 10:18:00,failed_not_on_whatsapp,wamid.137
10000049883,5511958617120,2026-08-06 10:18:00,read,wamid.283
10000023493,5511983665549,2026-08-01 10:58:00,blocked,wamid.12a
10000012882,5511967790557,2026-09-21 09:58:00,failed_not_on_whatsapp,wamid.a3
10000036390,5511986224438,2026-09-17 17:17:00,failed_not_on_whatsapp,wamid.1cc
10000023060,5511964711545,2026-08-26 14:57:00,failed_not_on_whatsapp,wamid.125
10000001333,5511984593961,2026-09-17 08:10:00,read,wamid.9
10000015636,5511927870584,2026-09-14 09:22:00,failed_not_on_whatsapp,wamid.c2
10000034851,5511915376584,2026-09-05 13:09:00,failed_not_on_whatsapp,wamid.1b2
10000039225,5511969378298,2026-08-15 16:51:00,failed_not_on_whatsapp,wamid.1f6
10000017680,5511917503932,2026-09-18 13:08:00,failed_not_on_whatsapp,wamid.e7
10000017337,5511954499873,2026-09-05 17:09:00,failed_not_on_whatsapp,wamid.e6
10000023655,5511950999730,2026-08-01 15:04:00,delivered,wamid.12d
10000041980,5511965701512,2026-09-09 08:33:00,failed_not_on_whatsapp,wamid.21e
10000043923,5511958025924,2026-08-20 11:32:00,failed_not_on_whatsapp,wamid.23a
10000039144,5511951362065,2026-08-09 19:52:00,failed_not_on_whatsapp,wamid.1f2
10000037524,5511949002238,2026-08-06 14:34:00,read,wamid.1d7
10000007374,5511956892354,2026-09-12 10:00:00,read,wamid.54
10000036390,5511986224438,2026-09-14 18:03:00,failed_not_on_whatsapp,wamid.1c7
10000022845,5511935838575,2026-08-02 14:57:00,pending,wamid.121
10000038334,5511986551556,2026-08-05 09:23:00,replied,wamid.1de
10000019119,5511963917932,2026-09-10 11:58:00,failed_not_on_whatsapp,wamid.f5
10000024970,5511916986408,2026-09-19 19:58:00,delivered,wamid.140
10000038849,5511921264832,2026-08-30 10:37:00,wrong_person,wamid.1ed
10000016446,5511958852098,2026-09-23 16:34:00,replied,wamid.d6
10000044067,5511976305077,2026-09-15 18:34:00,delivered,wamid.23c
10000005835,5511982503409,2026-08-23 15:24:00,replied,wamid.43
10000018813,5511977390918,2026-09-12 12:30:00,delivered,wamid.f3
10000036633,5511929614192,2026-09-03 13:08:00,read,wamid.1d3
10000000108,5511955176955,2026-08-21 12:19:00,delivered,wamid.2
10000036129,5511921727533,2026-08-03 16:10:00,delivered,wamid.1c1
10000043257,5511932708438,2026-09-05 13:42:00,failed_not_on_whatsapp,wamid.230
10000000361,5511960929647,2026-09-24 12:42:00,read,wamid.5
10000033103,5511990448089,2026-07-28 10:46:00,delivered,wamid.19e
10000047325,5511911608113,2026-08-20 13:31:00,delivered,wamid.266
10000005088,5511932329103,2026-08-26 11:05:00,failed_not_on_whatsapp,wamid.3c
10000007374,5511956892354,2026-08-12 16:00:00,replied,wamid.55
10000013005,5511946385762,2026-09-03 19:14:00,replied,wamid.a6
10000039659,5511932650041,2026-09-08 08:35:00,failed_not_on_whatsapp,wamid.1fa
10000041203,5511930457766,2026-09-24 17:39:00,read,wamid.210
10000041980,5511921439895,2026-08-18 17:23:00,failed_not_on_whatsapp,wamid.21a
10000040312,5511934247098,2026-08-16 08:56:00,failed_not_on_whatsapp,wamid.201
10000040746,5511969786268,2026-09-24 11:25:00,delivered,wamid.206
10000025356,5511977946127,2026-09-21 12:09:00,read,wamid.148
10000022251,5511949613096,2026-09-09 12:04:00,delivered,wamid.11a
10000040401,5511913484583,2026-08-24 14:28:00,failed_not_on_whatsapp,wamid.203
10000016446,5511958852098,2026-09-02 15:22:00,delivered,wamid.d4
10000019380,5511928206610,2026-09-18 14:11:00,delivered,wamid.f9
10000009237,5511969741812,2026-08-17 19:04:00,failed_not_on_whatsapp,wamid.70
10000049379,5511925583513,2026-09-12 18:36:00,delivered,wamid.27e
10000048992,5511912232081,2026-09-02 16:54:00,failed_not_on_whatsapp,wamid.278
10000043761,5511927948365,2026-08-05 18:31:00,read,wamid.236
10000003700,5511958436637,2026-08-04 16:45:00,read,wamid.27
10000024708,5511952399610,2026-09-15 14:35:00,pending,wamid.13c
10000005088,5511932329103,2026-08-20 16:40:00,failed_not_on_whatsapp,wamid.3b
10000019623,5511996888739,2026-08-01 12:28:00,delivered,wamid.102
10000043338,5511926235817,2026-09-05 18:18:00,read,wamid.231
10000017094,5511930858851,2026-09-04 19:26:00,delivered,wamid.dd
10000028029,5511953412847,2026-09-04 13:07:00,delivered,wamid.163
10000032646,5511924971907,2026-08-24 12:35:00,failed_not_on_whatsapp,wamid.197
10000042285,5511926912191,2026-07-27 16:07:00,wrong_person,wamid.221
10000006807,5511953537934,2026-09-22 12:51:00,failed_not_on_whatsapp,wamid.4c
10000023140,5511948901209,2026-08-10 15:55:00,failed_not_on_whatsapp,wamid.128
10000044300,5511966884191,2026-08-11 15:30:00,failed_not_on_whatsapp,wamid.241
10000008770,5511914963880,2026-08-06 19:21:00,delivered,wamid.66
10000009580,5511948124318,2026-08-27 17:41:00,delivered,wamid.76
10000049298,5511922138886,2026-08-11 16:01:00,failed_not_on_whatsapp,wamid.27d
10000023060,5511964711545,2026-08-15 12:04:00,failed_not_on_whatsapp,wamid.126
10000030350,5511987707540,2026-08-16 09:59:00,blocked,wamid.17d
10000011487,5511941715995,2026-08-13 11:41:00,delivered,wamid.8e
10000017337,5511969516344,2026-08-22 14:03:00,read,wamid.e3
10000017337,5511954499873,2026-07-30 19:47:00,failed_not_on_whatsapp,wamid.e4
10000033294,5511949536330,2026-09-10 18:58:00,identity_verified,wamid.1a3
10000012106,5511998612211,2026-09-08 13:33:00,read,wamid.9a
10000009660,5511920901547,2026-09-23 10:36:00,delivered,wamid.78
10000009237,5511919939096,2026-08-31 15:28:00,failed_not_on_whatsapp,wamid.71
10000009903,5511987535841,2026-09-14 16:34:00,read,wamid.7d
10000013692,5511969085720,2026-09-11 17:33:00,failed_not_on_whatsapp,wamid.aa
10000031089,5511950618137,2026-09-24 12:34:00,delivered,wamid.187
10000041637,5511955329991,2026-08-02 11:50:00,failed_not_on_whatsapp,wamid.215
10000042013,5511913994712,2026-07-27 12:53:00,failed_not_on_whatsapp,wamid.21f
10000048569,5511935754346,2026-09-04 08:22:00,failed_not_on_whatsapp,wamid.271
10000014400,5511992861016,2026-08-15 11:35:00,delivered,wamid.b5
10000015806,5511913600310,2026-09-12 08:21:00,failed_not_on_whatsapp,wamid.c5
10000033880,5511997755782,2026-08-04 11:37:00,failed_not_on_whatsapp,wamid.1a9
10000008699,5511956278607,2026-07-28 13:40:00,read,wamid.64
10000015637,5511923851475,2026-08-25 11:32:00,replied,wamid.c1
10000016799,5511995354668,2026-09-15 15:57:00,failed_not_on_whatsapp,wamid.db
10000022250,5511936830448,2026-08-29 10:33:00,read,wamid.119
10000048488,5511965947629,2026-08-30 14:27:00,failed_not_on_whatsapp,wamid.26f
10000031755,5511974743230,2026-09-08 10:54:00,delivered,wamid.18c
10000033294,5511949536330,2026-08-05 11:47:00,delivered,wamid.1a0
10000040908,5511962741841,2026-09-23 14:23:00,read,wamid.20c
10000041980,5511965701512,2026-08-04 16:12:00,failed_not_on_whatsapp,wamid.21d
10000009075,5511964520614,2026-09-20 16:38:00,failed_not_on_whatsapp,wamid.6d
10000023655,5511974418331,2026-08-09 08:43:00,wrong_person,wamid.12e
10000003891,5511925312516,2026-09-16 18:57:00,failed_not_on_whatsapp,wamid.29
10000046000,5511960291405,2026-09-11 19:42:00,delivered,wamid.252
10000044814,5511929545414,2026-08-31 16:33:00,delivered,wamid.244
10000010243,5511962868861,2026-09-13 11:36:00,failed_not_on_whatsapp,wamid.82
10000010677,5511933244151,2026-07-30 14:24:00,read,wamid.86
10000033022,5511952046364,2026-08-16 08:28:00,replied,wamid.19c
10000040584,5511996388439,2026-09-04 10:32:00,failed_not_on_whatsapp,wamid.204
10000023817,5511989134873,2026-08-09 19:01:00,read,wamid.131
10000019380,5511928206610,2026-08-24 12:55:00,delivered,wamid.fa
10000016608,5511971303434,2026-09-11 17:36:00,delivered,wamid.d8
10000033707,5511975663681,2026-09-12 15:53:00,replied,wamid.1a6
10000027561,5511970315326,2026-09-15 09:09:00,pending,wamid.15d
10000036390,5511960435319,2026-09-06 14:28:00,wrong_person,wamid.1c8
10000022500,5511990111922,2026-08-07 09:48:00,read,wamid.11d
10000040746,5511969786268,2026-08-28 12:37:00,read,wamid.208
10000036552,5511987989327,2026-08-22 13:28:00,delivered,wamid.1d0
10000022845,5511975337822,2026-09-15 08:47:00,failed_not_on_whatsapp,wamid.120
10000000019,5511913999315,2026-08-18 13:40:00,read,wamid.1
10000030945,5511994088862,2026-08-21 13:32:00,delivered,wamid.185
10000042285,5511926912191,2026-07-27 16:07:00,wrong_person,wamid.221
10000021440,5511942331952,2026-08-13 14:57:00,delivered,wamid.110
10000048640,5511974142265,2026-08-15 13:43:00,identity_verified,wamid.275
10000000876,5511951273847,2026-08-27 12:03:00,delivered,wamid.7
10000046787,5511971995701,2026-08-27 15:13:00,failed_not_on_whatsapp,wamid.25c
10000049700,5511983552661,2026-08-25 19:05:00,delivered,wamid.282
10000021954,5511933783708,2026-09-21 08:14:00,wrong_person,wamid.116
10000013854,5511919282319,2026-09-01 19:11:00,failed_not_on_whatsapp,wamid.ae
10000027480,5511958072427,2026-09-07 11:25:00,delivered,wamid.15b
10000030511,5511991793056,2026-08-22 15:56:00,delivered,wamid.17f
10000001767,5511984252420,2026-09-18 17:19:00,delivered,wamid.e
10000030864,5511950177237,2026-08-02 19:58:00,failed_not_on_whatsapp,wamid.181
10000014311,5511959095909,2026-09-05 19:43:00,identity_verified,wamid.b4
10000046191,5511928674348,2026-07-28 15:33:00,failed_not_on_whatsapp,wamid.254
10000038334,5511986551556,2026-07-29 13:04:00,replied,wamid.1e0
10000041637,5511955329991,2026-08-30 13:02:00,failed_not_on_whatsapp,wamid.213
10000042790,5511980166008,2026-08-03 10:57:00,read,wamid.22b
10000030279,5511954440977,2026-09-10 08:21:00,failed_not_on_whatsapp,wamid.17b
10000016284,5511951512209,2026-09-02 17:30:00,delivered,wamid.cf
10000012882,5511912300840,2026-08-02 15:49:00,failed_not_on_whatsapp,wamid.a2
10000019119,5511964086249,2026-09-24 10:46:00,failed_not_on_whatsapp,wamid.f6
10000021954,5511991357521,2026-09-15 18:45:00,delivered,wamid.115
10000038334,5511988918579,2026-07-29 17:55:00,read,wamid.1df
10000039730,5511927475058,2026-08-16 19:52:00,delivered,wamid.1fd
10000022250,5511949613096,2026-08-22 14:27:00,delivered,wamid.118
10000021016,5511925278272,2026-08-14 11:15:00,failed_not_on_whatsapp,wamid.10e
10000002577,5511998054615,2026-09-01 18:19:00,failed_not_on_whatsapp,wamid.1a
10000027642,5511927418007,2026-09-24 14:33:00,read,wamid.15f
10000029696,5511951996390,2026-09-14 13:17:00,failed_not_on_whatsapp,wamid.174
10000047325,5511911608113,2026-08-07 17:03:00,read,wamid.265
10000010162,5511958657117,2026-08-31 13:01:00,read,wamid.7e
10000001503,5511950264926,2026-07-29 09:10:00,failed_not_on_whatsapp,wamid.b
10000008931,5511920746667,2026-08-29 15:35:00,delivered,wamid.6a
10000019461,5511977796914,2026-07-31 16:39:00,failed_not_on_whatsapp,wamid.fc
10000042013,5511952252354,2026-08-16 16:33:00,failed_not_on_whatsapp,wamid.220
10000036633,5511958474537,2026-08-27 18:35:00,failed_not_on_whatsapp,wamid.1d2
10000003620,5511999115205,2026-09-17 12:00:00,delivered,wamid.23
10000025356,5511977946127,2026-08-27 13:47:00,read,wamid.149
10000044229,5511976514912,2026-09-02 19:59:00,delivered,wamid.23e
10000022411,5511935970823,2026-08-02 14:09:00,delivered,wamid.11c
10000033707,5511975663681,2026-09-11 18:46:00,identity_verified,wamid.1a7
10000043761,5511927948365,2026-09-20 15:41:00,delivered,wamid.237
10000039810,5511941606345,2026-07-27 09:49:00,failed_not_on_whatsapp,wamid.1ff
10000024899,5511984478941,2026-08-02 08:54:00,failed_not_on_whatsapp,wamid.13e
10000033707,5511975663681,2026-08-19 12:28:00,read,wamid.1a5
10000042790,5511980166008,2026-08-08 15:31:00,read,wamid.22c
10000039144,5511951362065,2026-08-17 16:42:00,failed_not_on_whatsapp,wamid.1f1
10000049700,5511947898265,2026-09-10 12:30:00,delivered,wamid.281
10000033618,5511998682228,2026-08-11 14:26:00,failed_not_on_whatsapp,wamid.1a4
10000028452,5511967973424,2026-08-16 11:25:00,delivered,wamid.168
10000015806,5511935319707,2026-09-20 19:50:00,delivered,wamid.c7
10000043761,5511910274812,2026-07-30 17:40:00,wrong_person,wamid.235
10000009075,5511964520614,2026-09-08 10:44:00,failed_not_on_whatsapp,wamid.6b
10000039810,5511959611937,2026-08-19 17:37:00,failed_not_on_whatsapp,wamid.1fe
10000036129,5511975829146,2026-09-24 11:27:00,replied,wamid.1c2
10000011991,5511983074216,2026-08-21 14:31:00,delivered,wamid.94
10000029181,5511913954845,2026-09-04 17:23:00,failed_not_on_whatsapp,wamid.16e
10000018651,5511945568288,2026-09-18 08:13:00,delivered,wamid.f2
10000006564,5511927463800,2026-09-23 13:31:00,replied,wamid.4a
10000014664,5511911286267,2026-09-08 14:29:00,delivered,wamid.b6
10000012025,5511923542127,2026-09-11 14:57:00,read,wamid.98
10000012297,5511972146184,2026-08-31 09:03:00,delivered,wamid.9b
10000000361,5511981691040,2026-07-30 17:29:00,delivered,wamid.6
10000033294,5511949536330,2026-09-12 13:47:00,identity_verified,wamid.19f
10000036129,5511921727533,2026-09-17 08:52:00,delivered,wamid.1c0
10000002577,5511971124923,2026-08-30 19:59:00,replied,wamid.1b
10000039306,5511920750109,2026-09-14 13:54:00,failed_not_on_whatsapp,wamid.1f7
10000025607,5511945622106,2026-08-16 09:18:00,delivered,wamid.14b
10000010596,5511935606639,2026-09-03 12:05:00,delivered,wamid.85
10000029505,5511975960711,2026-09-02 17:31:00,delivered,wamid.173
10000030279,5511954440977,2026-08-15 08:42:00,failed_not_on_whatsapp,wamid.17a
10000017256,5511972014395,2026-08-17 08:11:00,failed_not_on_whatsapp,wamid.e2
10000012700,5511939356057,2026-09-12 18:02:00,delivered,wamid.9f
10000045110,5511915892805,2026-08-29 14:02:00,delivered,wamid.246
10000041807,5511949208083,2026-08-18 15:24:00,failed_not_on_whatsapp,wamid.218
10000048801,5511928637880,2026-08-31 15:13:00,delivered,wamid.276
10000036048,5511992882398,2026-08-17 12:56:00,failed_not_on_whatsapp,wamid.1bf
10000038687,5511936930522,2026-09-08 14:44:00,delivered,wamid.1e5
10000007706,5511998122539,2026-08-10 16:21:00,failed_not_on_whatsapp,wamid.58
10000033880,5511982016051,2026-08-26 09:58:00,delivered,wamid.1a8
10000028452,5511916618423,2026-08-22 09:15:00,wrong_person,wamid.16a
10000005673,5511988458327,2026-09-18 08:07:00,failed_not_on_whatsapp,wamid.41
10000030511,5511994806492,2026-08-15 12:56:00,failed_not_on_whatsapp,wamid.180
10000014150,5511937765262,2026-09-21 17:18:00,blocked,wamid.b1
10000021520,5511984776858,2026-08-14 11:13:00,read,wamid.111
10000041980,5511973574016,2026-07-30 13:31:00,read,wamid.21b
10000006050,5511942691263,2026-09-02 08:53:00,failed_not_on_whatsapp,wamid.46
10000011215,5511935878707,2026-09-10 16:06:00,wrong_person,wamid.8b
10000007455,5511953380275,2026-09-15 18:45:00,failed_not_on_whatsapp,wamid.56
10000038849,5511996475652,2026-08-07 16:34:00,failed_not_on_whatsapp,wamid.1ee
10000040150,5511945328305,2026-07-27 14:44:00,failed_not_on_whatsapp,wamid.200
10000029505,5511940369856,2026-08-13 15:56:00,replied,wamid.171
10000006998,5511978765957,2026-08-02 19:10:00,delivered,wamid.4e
10000023140,5511948901209,2026-08-12 18:31:00,failed_not_on_whatsapp,wamid.127
10000042447,5511994254420,2026-08-05 11:26:00,failed_not_on_whatsapp,wamid.225
10000042951,5511941248877,2026-08-29 17:18:00,delivered,wamid.22f
10000035823,5511987111463,2026-09-23 14:40:00,blocked,wamid.1bd
10000019623,5511996888739,2026-08-06 10:32:00,identity_verified,wamid.100
10000023817,5511989134873,2026-08-09 19:01:00,read,wamid.131
10000012882,5511912300840,2026-08-23 14:07:00,failed_not_on_whatsapp,wamid.a1
10000002224,5511961700055,2026-08-30 10:56:00,failed_not_on_whatsapp,wamid.15
10000034428,5511913901068,2026-09-18 10:22:00,wrong_person,wamid.1af
10000020710,5511947944260,2026-09-24 18:13:00,delivered,wamid.10d
10000038415,5511963959197,2026-08-04 12:51:00,failed_not_on_whatsapp,wamid.1e3
10000015989,5511958465780,2026-09-23 16:38:00,failed_not_on_whatsapp,wamid.c8
10000045543,5511988380820,2026-08-15 19:50:00,delivered,wamid.24a
10000040827,5511949017499,2026-08-20 17:09:00,pending,wamid.20a
10000032131,5511993914843,2026-08-09 13:43:00,delivered,wamid.191
10000010596,5511952103092,2026-09-14 14:51:00,delivered,wamid.84
10000016608,5511942559072,2026-08-15 09:52:00,delivered,wamid.da
10000009075,5511920071854,2026-09-16 10:18:00,replied,wamid.6c
10000004863,5511914968688,2026-09-14 19:56:00,replied,wamid.39
10000019542,5511916664050,2026-09-13 12:49:00,pending,wamid.fe
10000045896,5511928503943,2026-08-05 16:15:00,failed_not_on_whatsapp,wamid.24c
10000010324,5511950162553,2026-08-04 13:59:00,read,wamid.83
10000004510,5511979583757,2026-08-23 09:14:00,failed_not_on_whatsapp,wamid.33
10000001333,5511984593961,2026-07-30 13:32:00,delivered,wamid.a
10000038768,5511942962076,2026-07-30 18:50:00,delivered,wamid.1ea
10000015121,5511965243509,2026-09-12 12:42:00,failed_not_on_whatsapp,wamid.bc
10000043508,5511984511273,2026-09-15 19:44:00,delivered,wamid.233
10000023574,5511935970938,2026-09-07 12:47:00,identity_verified,wamid.12c
10000025941,5511940677709,2026-09-04 12:59:00,failed_not_on_whatsapp,wamid.14e
10000008699,5511956278607,2026-09-03 08:53:00,delivered,wamid.63
10000031674,5511970838623,2026-08-13 19:10:00,delivered,wamid.18a
10000046787,5511977922837,2026-08-17 19:28:00,delivered,wamid.25a
10000015121,5511965243509,2026-08-28 15:35:00,failed_not_on_whatsapp,wamid.bb
10000007889,5511996368203,2026-09-12 11:40:00,failed_not_on_whatsapp,wamid.5c
10000038687,5511968436893,2026-08-07 12:26:00,replied,wamid.1e6
10000003700,5511981690398,2026-08-18 15:22:00,replied,wamid.26
10000046515,5511956544270,2026-09-17 17:20:00,failed_not_on_whatsapp,wamid.257
10000046949,5511969144114,2026-08-25 17:39:00,identity_verified,wamid.25f
10000041475,5511978133743,2026-07-27 14:18:00,failed_not_on_whatsapp,wamid.212
10000030945,5511994088862,2026-07-28 14:59:00,read,wamid.184
10000029505,5511940369856,2026-08-28 08:05:00,read,wamid.172
10000026832,5511930421134,2026-09-15 19:17:00,identity_verified,wamid.157
10000005401,5511914478111,2026-08-16 10:11:00,failed_not_on_whatsapp,wamid.3f
10000038334,5511986844836,2026-07-29 16:16:00,delivered,wamid.1e1
10000037524,5511919342782,2026-08-27 12:05:00,failed_not_on_whatsapp,wamid.1d8
10000048569,5511935754346,2026-09-04 08:22:00,failed_not_on_whatsapp,wamid.271
10000032212,5511997025331,2026-07-30 13:12:00,delivered,wamid.192
10000042870,5511919068358,2026-09-21 08:08:00,delivered,wamid.22e
10000033960,5511924271532,2026-09-11 18:45:00,delivered,wamid.1aa
10000025275,5511922101856,2026-08-05 16:18:00,delivered,wamid.145
10000047163,5511955247029,2026-09-06 08:02:00,failed_not_on_whatsapp,wamid.262
10000013269,5511992391596,2026-08-20 11:52:00,delivered,wamid.a8
10000038920,5511980055957,2026-08-18 16:38:00,replied,wamid.1ef
10000012882,5511967790557,2026-08-17 08:28:00,failed_not_on_whatsapp,wamid.a4
10000029858,5511937102854,2026-08-30 17:39:00,failed_not_on_whatsapp,wamid.176
10000033960,5511924271532,2026-09-11 18:45:00,delivered,wamid.1aa
10000047759,5511969372673,2026-09-16 12:40:00,read,wamid.26b
10000019542,5511916664050,2026-09-24 16:56:00,delivered,wamid.fd
10000038768,5511930127592,2026-09-11 19:51:00,delivered,wamid.1e8
10000016012,5511911851322,2026-09-07 11:03:00,replied,wamid.c9
10000029858,5511970516875,2026-08-11 18:28:00,delivered,wamid.175
10000016446,5511958852098,2026-09-23 14:30:00,blocked,wamid.d2
10000007889,5511999941500,2026-09-02 11:25:00,failed_not_on_whatsapp,wamid.5d
10000009157,5511959930790,2026-08-07 16:57:00,read,wamid.6f
10000040312,5511946613462,2026-09-18 10:58:00,failed_not_on_whatsapp,wamid.202
10000024031,5511962088975,2026-08-02 09:16:00,blocked,wamid.134
10000004863,5511914968688,2026-09-14 19:56:00,replied,wamid.39
10000037958,5511960511038,2026-08-23 19:34:00,read,wamid.1da
10000040827,5511920627779,2026-09-18 11:05:00,read,wamid.20b
10000036390,5511946685578,2026-08-02 12:41:00,pending,wamid.1c9
10000005088,5511932329103,2026-08-12 12:33:00,failed_not_on_whatsapp,wamid.3a
10000020559,5511959203071,2026-09-16 16:11:00,failed_not_on_whatsapp,wamid.10a
10000031917,5511937603443,2026-09-20 17:04:00,identity_verified,wamid.18f
10000007021,5511933581357,2026-09-24 15:19:00,delivered,wamid.50
10000029262,5511928536762,2026-07-27 13:12:00,failed_not_on_whatsapp,wamid.170
10000004863,5511961167978,2026-07-29 15:54:00,failed_not_on_whatsapp,wamid.38
10000009660,5511920901547,2026-08-12 17:49:00,delivered,wamid.79
10000012025,5511923542127,2026-08-29 14:52:00,wrong_person,wamid.95
10000032050,5511927120235,2026-08-26 18:33:00,failed_not_on_whatsapp,wamid.190
10000016284,5511951512209,2026-09-17 09:38:00,identity_verified,wamid.ce
10000007889,5511996368203,2026-08-01 15:31:00,failed_not_on_whatsapp,wamid.5b
10000005401,5511914478111,2026-08-14 19:05:00,failed_not_on_whatsapp,wamid.40
10000002062,5511913326769,2026-09-06 12:20:00,failed_not_on_whatsapp,wamid.11
10000017175,5511929907683,2026-09-24 16:00:00,replied,wamid.df
10000033022,5511911137651,2026-07-28 09:03:00,wrong_person,wamid.19b
10000032301,5511991144449,2026-09-12 19:50:00,delivered,wamid.193
10000027057,5511943173547,2026-07-28 15:18:00,delivered,wamid.159
10000048135,5511936068867,2026-08-25 15:57:00,failed_not_on_whatsapp,wamid.26c
10000049964,5511929940502,2026-08-26 19:03:00,delivered,wamid.285
10000005673,5511984801233,2026-09-19 17:58:00,failed_not_on_whatsapp,wamid.42
10000025356,5511977946127,2026-08-10 13:16:00,replied,wamid.147
10000046434,5511969825080,2026-07-27 14:47:00,delivered,wamid.256
10000003891,5511925312516,2026-09-08 10:48:00,failed_not_on_whatsapp,wamid.28
10000046191,5511986178952,2026-09-18 12:26:00,failed_not_on_whatsapp,wamid.253
10000017337,5511969516344,2026-09-15 19:15:00,read,wamid.e5
10000020206,5511994695784,2026-09-16 13:03:00,blocked,wamid.106
10000023817,5511989134873,2026-09-08 09:16:00,identity_verified,wamid.132
10000032301,5511941776042,2026-08-08 14:13:00,replied,wamid.194
10000026832,5511911101134,2026-07-30 13:25:00,delivered,wamid.156
10000036200,5511965782199,2026-08-06 08:42:00,delivered,wamid.1c4
10000014400,5511992861016,2026-08-15 11:35:00,delivered,wamid.b5
10000032484,5511947503167,2026-08-17 17:25:00,blocked,wamid.195
10000045543,5511988380820,2026-08-30 19:40:00,delivered,wamid.24b
10000009156,5511913478029,2026-09-10 19:38:00,blocked,wamid.6e
